2026-10-06 22:20:19,877 | INFO    | main | Run started with settings: {'no_details': False, 'max_pages': None, 'delay': 0.5}
2026-10-06 22:20:19,878 | INFO    | main | === Starting source: Books to Scrape ===
2026-10-06 22:20:19,878 | INFO    | scrapers.base_scraper | Page 1: https://books.toscrape.com/
2026-10-06 22:20:22,766 | INFO    | scrapers.base_scraper | Fetched https://books.toscrape.com/
2026-10-06 22:20:24,696 | INFO    | scrapers.base_scraper | Fetched https://books.toscrape.com/catalogue/a-light-in-the-attic_1000/index.html
2026-10-06 22:20:26,629 | INFO    | scrapers.base_scraper | Fetched https://books.toscrape.com/catalogue/tipping-the-velvet_999/index.html
2026-10-06 22:20:27,595 | INFO    | scrapers.base_scraper | Fetched https://books.toscrape.com/catalogue/soumission_998/index.html
2026-10-06 22:20:29,057 | INFO    | scrapers.base_scraper | Fetched https://books.toscrape.com/catalogue/sharp-objects_997/index.html
2026-10-06 22:20:31,463 | INFO    | scrapers.base_scraper | Fetched https://books.toscrape.com/catalogue/sapiens-a-brief-history-of-humankind_996/index.html
2026-10-06 22:20:33,866 | INFO    | scrapers.base_scraper | Fetched https://books.toscrape.com/catalogue/the-requiem-red_995/index.html
2026-10-06 22:20:35,380 | INFO    | scrapers.base_scraper | Fetched https://books.toscrape.com/catalogue/the-dirty-little-secrets-of-getting-your-dream-job_994/index.html
2026-10-06 22:20:36,741 | INFO    | scrapers.base_scraper | Fetched https://books.toscrape.com/catalogue/the-coming-woman-a-novel-based-on-the-life-of-the-infamous-feminist-victoria-woodhull_993/index.html
2026-10-06 22:20:39,191 | INFO    | scrapers.base_scraper | Fetched https://books.toscrape.com/catalogue/the-boys-in-the-boat-nine-americans-and-their-epic-quest-for-gold-at-the-1936-berlin-olympics_992/index.html
2026-10-06 22:20:40,641 | INFO    | scrapers.base_scraper | Fetched https://books.toscrape.com/catalogue/the-black-maria_991/index.html
2026-10-06 22:20:41,603 | INFO    | scrapers.base_scraper | Fetched https://books.toscrape.com/catalogue/starving-hearts-triangular-trade-trilogy-1_990/index.html
2026-10-06 22:20:42,568 | INFO    | scrapers.base_scraper | Fetched https://books.toscrape.com/catalogue/shakespeares-sonnets_989/index.html
2026-10-06 22:20:43,551 | INFO    | scrapers.base_scraper | Fetched https://books.toscrape.com/catalogue/set-me-free_988/index.html
2026-10-06 22:20:44,512 | INFO    | scrapers.base_scraper | Fetched https://books.toscrape.com/catalogue/scott-pilgrims-precious-little-life-scott-pilgrim-1_987/index.html
2026-10-06 22:20:45,467 | INFO    | scrapers.base_scraper | Fetched https://books.toscrape.com/catalogue/rip-it-up-and-start-again_986/index.html
2026-10-06 22:20:46,443 | INFO    | scrapers.base_scraper | Fetched https://books.toscrape.com/catalogue/our-band-could-be-your-life-scenes-from-the-american-indie-underground-1981-1991_985/index.html
2026-10-06 22:20:48,580 | INFO    | scrapers.base_scraper | Fetched https://books.toscrape.com/catalogue/olio_984/index.html
2026-10-06 22:20:50,070 | INFO    | scrapers.base_scraper | Fetched https://books.toscrape.com/catalogue/mesaerion-the-best-science-fiction-stories-1800-1849_983/index.html
2026-10-06 22:20:51,513 | INFO    | scrapers.base_scraper | Fetched https://books.toscrape.com/catalogue/libertarianism-for-beginners_982/index.html
2026-10-06 22:20:52,952 | INFO    | scrapers.base_scraper | Fetched https://books.toscrape.com/catalogue/its-only-the-himalayas_981/index.html
2026-10-06 22:20:53,471 | INFO    | scrapers.base_scraper | Page 2: https://books.toscrape.com/catalogue/page-2.html
2026-10-06 22:20:54,418 | INFO    | scrapers.base_scraper | Fetched https://books.toscrape.com/catalogue/page-2.html
2026-10-06 22:20:55,368 | INFO    | scrapers.base_scraper | Fetched https://books.toscrape.com/catalogue/in-her-wake_980/index.html
2026-10-06 22:20:56,334 | INFO    | scrapers.base_scraper | Fetched https://books.toscrape.com/catalogue/how-music-works_979/index.html
2026-10-06 22:20:57,365 | INFO    | scrapers.base_scraper | Fetched https://books.toscrape.com/catalogue/foolproof-preserving-a-guide-to-small-batch-jams-jellies-pickles-condiments-and-more-a-foolproof-guide-to-making-small-batch-jams-jellies-pickles-condiments-and-more_978/index.html
2026-10-06 22:20:58,277 | INFO    | scrapers.base_scraper | Fetched https://books.toscrape.com/catalogue/chase-me-paris-nights-2_977/index.html
2026-10-06 22:20:59,247 | INFO    | scrapers.base_scraper | Fetched https://books.toscrape.com/catalogue/black-dust_976/index.html
2026-10-06 22:21:00,205 | INFO    | scrapers.base_scraper | Fetched https://books.toscrape.com/catalogue/birdsong-a-story-in-pictures_975/index.html
2026-10-06 22:21:01,687 | INFO    | scrapers.base_scraper | Fetched https://books.toscrape.com/catalogue/americas-cradle-of-quarterbacks-western-pennsylvanias-football-factory-from-johnny-unitas-to-joe-montana_974/index.html
2026-10-06 22:21:02,937 | INFO    | scrapers.base_scraper | Fetched https://books.toscrape.com/catalogue/aladdin-and-his-wonderful-lamp_973/index.html
2026-10-06 22:21:04,307 | INFO    | scrapers.base_scraper | Fetched https://books.toscrape.com/catalogue/worlds-elsewhere-journeys-around-shakespeares-globe_972/index.html
2026-10-06 22:21:05,284 | INFO    | scrapers.base_scraper | Fetched https://books.toscrape.com/catalogue/wall-and-piece_971/index.html
2026-10-06 22:21:06,310 | INFO    | scrapers.base_scraper | Fetched https://books.toscrape.com/catalogue/the-four-agreements-a-practical-guide-to-personal-freedom_970/index.html
2026-10-06 22:21:07,229 | INFO    | scrapers.base_scraper | Fetched https://books.toscrape.com/catalogue/the-five-love-languages-how-to-express-heartfelt-commitment-to-your-mate_969/index.html
2026-10-06 22:21:08,897 | INFO    | scrapers.base_scraper | Fetched https://books.toscrape.com/catalogue/the-elephant-tree_968/index.html
2026-10-06 22:21:09,861 | INFO    | scrapers.base_scraper | Fetched https://books.toscrape.com/catalogue/the-bear-and-the-piano_967/index.html
2026-10-06 22:21:11,317 | INFO    | scrapers.base_scraper | Fetched https://books.toscrape.com/catalogue/sophies-world_966/index.html
2026-10-06 22:21:13,245 | INFO    | scrapers.base_scraper | Fetched https://books.toscrape.com/catalogue/penny-maybe_965/index.html
2026-10-06 22:21:14,930 | INFO    | scrapers.base_scraper | Fetched https://books.toscrape.com/catalogue/maude-1883-1993she-grew-up-with-the-country_964/index.html
2026-10-06 22:21:16,134 | INFO    | scrapers.base_scraper | Fetched https://books.toscrape.com/catalogue/in-a-dark-dark-wood_963/index.html
2026-10-06 22:21:18,318 | INFO    | scrapers.base_scraper | Fetched https://books.toscrape.com/catalogue/behind-closed-doors_962/index.html
2026-10-06 22:21:19,519 | INFO    | scrapers.base_scraper | Fetched https://books.toscrape.com/catalogue/you-cant-bury-them-all-poems_961/index.html
2026-10-06 22:21:20,037 | INFO    | scrapers.base_scraper | Page 3: https://books.toscrape.com/catalogue/page-3.html
2026-10-06 22:21:28,736 | INFO    | scrapers.base_scraper | Fetched https://books.toscrape.com/catalogue/page-3.html
2026-10-06 22:21:31,157 | INFO    | scrapers.base_scraper | Fetched https://books.toscrape.com/catalogue/slow-states-of-collapse-poems_960/index.html
2026-10-06 22:21:32,806 | INFO    | scrapers.base_scraper | Fetched https://books.toscrape.com/catalogue/reasons-to-stay-alive_959/index.html
2026-10-06 22:21:34,017 | INFO    | scrapers.base_scraper | Fetched https://books.toscrape.com/catalogue/private-paris-private-10_958/index.html
2026-10-06 22:21:35,318 | INFO    | scrapers.base_scraper | Fetched https://books.toscrape.com/catalogue/higherselfie-wake-up-your-life-free-your-soul-find-your-tribe_957/index.html
2026-10-06 22:21:36,430 | INFO    | scrapers.base_scraper | Fetched https://books.toscrape.com/catalogue/without-borders-wanderlove-1_956/index.html
2026-10-06 22:21:37,443 | INFO    | scrapers.base_scraper | Fetched https://books.toscrape.com/catalogue/when-we-collided_955/index.html
2026-10-06 22:21:39,099 | INFO    | scrapers.base_scraper | Fetched https://books.toscrape.com/catalogue/we-love-you-charlie-freeman_954/index.html
2026-10-06 22:21:40,052 | INFO    | scrapers.base_scraper | Fetched https://books.toscrape.com/catalogue/untitled-collection-sabbath-poems-2014_953/index.html
2026-10-06 22:21:41,034 | INFO    | scrapers.base_scraper | Fetched https://books.toscrape.com/catalogue/unseen-city-the-majesty-of-pigeons-the-discreet-charm-of-snails-other-wonders-of-the-urban-wilderness_952/index.html
2026-10-06 22:21:41,983 | INFO    | scrapers.base_scraper | Fetched https://books.toscrape.com/catalogue/unicorn-tracks_951/index.html
2026-10-06 22:21:42,989 | INFO    | scrapers.base_scraper | Fetched https://books.toscrape.com/catalogue/unbound-how-eight-technologies-made-us-human-transformed-society-and-brought-our-world-to-the-brink_950/index.html
2026-10-06 22:21:43,965 | INFO    | scrapers.base_scraper | Fetched https://books.toscrape.com/catalogue/tsubasa-world-chronicle-2-tsubasa-world-chronicle-2_949/index.html
2026-10-06 22:21:44,868 | INFO    | scrapers.base_scraper | Fetched https://books.toscrape.com/catalogue/throwing-rocks-at-the-google-bus-how-growth-became-the-enemy-of-prosperity_948/index.html
2026-10-06 22:21:46,084 | INFO    | scrapers.base_scraper | Fetched https://books.toscrape.com/catalogue/this-one-summer_947/index.html
2026-10-06 22:21:47,540 | INFO    | scrapers.base_scraper | Fetched https://books.toscrape.com/catalogue/thirst_946/index.html
2026-10-06 22:21:48,507 | INFO    | scrapers.base_scraper | Fetched https://books.toscrape.com/catalogue/the-torch-is-passed-a-harding-family-story_945/index.html
2026-10-06 22:21:49,473 | INFO    | scrapers.base_scraper | Fetched https://books.toscrape.com/catalogue/the-secret-of-dreadwillow-carse_944/index.html
2026-10-06 22:21:50,917 | INFO    | scrapers.base_scraper | Fetched https://books.toscrape.com/catalogue/the-pioneer-woman-cooks-dinnertime-comfort-classics-freezer-food-16-minute-meals-and-other-delicious-ways-to-solve-supper_943/index.html
2026-10-06 22:21:51,884 | INFO    | scrapers.base_scraper | Fetched https://books.toscrape.com/catalogue/the-past-never-ends_942/index.html
2026-10-06 22:21:52,934 | INFO    | scrapers.base_scraper | Fetched https://books.toscrape.com/catalogue/the-natural-history-of-us-the-fine-art-of-pretending-2_941/index.html
2026-10-06 22:21:53,447 | INFO    | scrapers.base_scraper | Page 4: https://books.toscrape.com/catalogue/page-4.html
2026-10-06 22:21:54,300 | INFO    | scrapers.base_scraper | Fetched https://books.toscrape.com/catalogue/page-4.html
2026-10-06 22:21:55,263 | INFO    | scrapers.base_scraper | Fetched https://books.toscrape.com/catalogue/the-nameless-city-the-nameless-city-1_940/index.html
2026-10-06 22:21:56,222 | INFO    | scrapers.base_scraper | Fetched https://books.toscrape.com/catalogue/the-murder-that-never-was-forensic-instincts-5_939/index.html
2026-10-06 22:21:57,183 | INFO    | scrapers.base_scraper | Fetched https://books.toscrape.com/catalogue/the-most-perfect-thing-inside-and-outside-a-birds-egg_938/index.html
2026-10-06 22:21:58,166 | INFO    | scrapers.base_scraper | Fetched https://books.toscrape.com/catalogue/the-mindfulness-and-acceptance-workbook-for-anxiety-a-guide-to-breaking-free-from-anxiety-phobias-and-worry-using-acceptance-and-commitment-therapy_937/index.html
2026-10-06 22:21:59,373 | INFO    | scrapers.base_scraper | Fetched https://books.toscrape.com/catalogue/the-life-changing-magic-of-tidying-up-the-japanese-art-of-decluttering-and-organizing_936/index.html
2026-10-06 22:22:00,333 | INFO    | scrapers.base_scraper | Fetched https://books.toscrape.com/catalogue/the-inefficiency-assassin-time-management-tactics-for-working-smarter-not-longer_935/index.html
2026-10-06 22:22:01,305 | INFO    | scrapers.base_scraper | Fetched https://books.toscrape.com/catalogue/the-gutsy-girl-escapades-for-your-life-of-epic-adventure_934/index.html
2026-10-06 22:22:02,283 | INFO    | scrapers.base_scraper | Fetched https://books.toscrape.com/catalogue/the-electric-pencil-drawings-from-inside-state-hospital-no-3_933/index.html
2026-10-06 22:22:03,238 | INFO    | scrapers.base_scraper | Fetched https://books.toscrape.com/catalogue/the-death-of-humanity-and-the-case-for-life_932/index.html
2026-10-06 22:22:04,202 | INFO    | scrapers.base_scraper | Fetched https://books.toscrape.com/catalogue/the-bulletproof-diet-lose-up-to-a-pound-a-day-reclaim-energy-and-focus-upgrade-your-life_931/index.html
2026-10-06 22:22:06,143 | INFO    | scrapers.base_scraper | Fetched https://books.toscrape.com/catalogue/the-art-forger_930/index.html
2026-10-06 22:22:07,100 | INFO    | scrapers.base_scraper | Fetched https://books.toscrape.com/catalogue/the-age-of-genius-the-seventeenth-century-and-the-birth-of-the-modern-mind_929/index.html
2026-10-06 22:22:09,283 | INFO    | scrapers.base_scraper | Fetched https://books.toscrape.com/catalogue/the-activists-tao-te-ching-ancient-advice-for-a-modern-revolution_928/index.html
2026-10-06 22:22:10,314 | INFO    | scrapers.base_scraper | Fetched https://books.toscrape.com/catalogue/spark-joy-an-illustrated-master-class-on-the-art-of-organizing-and-tidying-up_927/index.html
2026-10-06 22:22:11,211 | INFO    | scrapers.base_scraper | Fetched https://books.toscrape.com/catalogue/soul-reader_926/index.html
2026-10-06 22:22:12,250 | INFO    | scrapers.base_scraper | Fetched https://books.toscrape.com/catalogue/security_925/index.html
2026-10-06 22:22:13,224 | INFO    | scrapers.base_scraper | Fetched https://books.toscrape.com/catalogue/saga-volume-6-saga-collected-editions-6_924/index.html
2026-10-06 22:22:14,594 | INFO    | scrapers.base_scraper | Fetched https://books.toscrape.com/catalogue/saga-volume-5-saga-collected-editions-5_923/index.html
2026-10-06 22:22:15,563 | INFO    | scrapers.base_scraper | Fetched https://books.toscrape.com/catalogue/reskilling-america-learning-to-labor-in-the-twenty-first-century_922/index.html
2026-10-06 22:22:16,580 | INFO    | scrapers.base_scraper | Fetched https://books.toscrape.com/catalogue/rat-queens-vol-3-demons-rat-queens-collected-editions-11-15_921/index.html
2026-10-06 22:22:17,100 | INFO    | scrapers.base_scraper | Page 5: https://books.toscrape.com/catalogue/page-5.html
2026-10-06 22:22:17,833 | INFO    | scrapers.base_scraper | Fetched https://books.toscrape.com/catalogue/page-5.html
2026-10-06 22:22:18,953 | INFO    | scrapers.base_scraper | Fetched https://books.toscrape.com/catalogue/princess-jellyfish-2-in-1-omnibus-vol-01-princess-jellyfish-2-in-1-omnibus-1_920/index.html
2026-10-06 22:22:19,923 | INFO    | scrapers.base_scraper | Fetched https://books.toscrape.com/catalogue/princess-between-worlds-wide-awake-princess-5_919/index.html
2026-10-06 22:22:21,156 | INFO    | scrapers.base_scraper | Fetched https://books.toscrape.com/catalogue/pop-gun-war-volume-1-gift_918/index.html
2026-10-06 22:22:22,090 | INFO    | scrapers.base_scraper | Fetched https://books.toscrape.com/catalogue/political-suicide-missteps-peccadilloes-bad-calls-backroom-hijinx-sordid-pasts-rotten-breaks-and-just-plain-dumb-mistakes-in-the-annals-of-american-politics_917/index.html
2026-10-06 22:22:23,582 | INFO    | scrapers.base_scraper | Fetched https://books.toscrape.com/catalogue/patience_916/index.html
2026-10-06 22:22:24,517 | INFO    | scrapers.base_scraper | Fetched https://books.toscrape.com/catalogue/outcast-vol-1-a-darkness-surrounds-him-outcast-1_915/index.html
2026-10-06 22:22:25,515 | INFO    | scrapers.base_scraper | Fetched https://books.toscrape.com/catalogue/orange-the-complete-collection-1-orange-the-complete-collection-1_914/index.html
2026-10-06 22:22:26,491 | INFO    | scrapers.base_scraper | Fetched https://books.toscrape.com/catalogue/online-marketing-for-busy-authors-a-step-by-step-guide_913/index.html
2026-10-06 22:22:27,445 | INFO    | scrapers.base_scraper | Fetched https://books.toscrape.com/catalogue/on-a-midnight-clear_912/index.html
2026-10-06 22:22:28,462 | INFO    | scrapers.base_scraper | Fetched https://books.toscrape.com/catalogue/obsidian-lux-1_911/index.html
2026-10-06 22:22:29,617 | INFO    | scrapers.base_scraper | Fetched https://books.toscrape.com/catalogue/my-paris-kitchen-recipes-and-stories_910/index.html
2026-10-06 22:22:32,001 | INFO    | scrapers.base_scraper | Fetched https://books.toscrape.com/catalogue/masks-and-shadows_909/index.html
2026-10-06 22:22:33,541 | INFO    | scrapers.base_scraper | Fetched https://books.toscrape.com/catalogue/mama-tried-traditional-italian-cooking-for-the-screwed-crude-vegan-and-tattooed_908/index.html
2026-10-06 22:22:35,157 | INFO    | scrapers.base_scraper | Fetched https://books.toscrape.com/catalogue/lumberjanes-vol-2-friendship-to-the-max-lumberjanes-5-8_907/index.html
2026-10-06 22:22:36,132 | INFO    | scrapers.base_scraper | Fetched https://books.toscrape.com/catalogue/lumberjanes-vol-1-beware-the-kitten-holy-lumberjanes-1-4_906/index.html
2026-10-06 22:22:37,404 | INFO    | scrapers.base_scraper | Fetched https://books.toscrape.com/catalogue/lumberjanes-vol-3-a-terrible-plan-lumberjanes-9-12_905/index.html
2026-10-06 22:22:39,737 | INFO    | scrapers.base_scraper | Fetched https://books.toscrape.com/catalogue/layered-baking-building-and-styling-spectacular-cakes_904/index.html
2026-10-06 22:22:40,728 | INFO    | scrapers.base_scraper | Fetched https://books.toscrape.com/catalogue/judo-seven-steps-to-black-belt-an-introductory-guide-for-beginners_903/index.html
2026-10-06 22:22:41,939 | INFO    | scrapers.base_scraper | Fetched https://books.toscrape.com/catalogue/join_902/index.html
2026-10-06 22:22:43,123 | INFO    | scrapers.base_scraper | Fetched https://books.toscrape.com/catalogue/in-the-country-we-love-my-family-divided_901/index.html
2026-10-06 22:22:43,632 | INFO    | scrapers.base_scraper | Page 6: https://books.toscrape.com/catalogue/page-6.html
2026-10-06 22:22:44,394 | INFO    | scrapers.base_scraper | Fetched https://books.toscrape.com/catalogue/page-6.html
2026-10-06 22:22:45,534 | INFO    | scrapers.base_scraper | Fetched https://books.toscrape.com/catalogue/immunity-how-elie-metchnikoff-changed-the-course-of-modern-medicine_900/index.html
2026-10-06 22:22:46,487 | INFO    | scrapers.base_scraper | Fetched https://books.toscrape.com/catalogue/i-hate-fairyland-vol-1-madly-ever-after-i-hate-fairyland-compilations-1-5_899/index.html
2026-10-06 22:22:47,481 | INFO    | scrapers.base_scraper | Fetched https://books.toscrape.com/catalogue/i-am-a-hero-omnibus-volume-1_898/index.html
2026-10-06 22:22:48,433 | INFO    | scrapers.base_scraper | Fetched https://books.toscrape.com/catalogue/how-to-be-miserable-40-strategies-you-already-use_897/index.html
2026-10-06 22:22:49,643 | INFO    | scrapers.base_scraper | Fetched https://books.toscrape.com/catalogue/her-backup-boyfriend-the-sorensen-family-1_896/index.html
2026-10-06 22:22:50,600 | INFO    | scrapers.base_scraper | Fetched https://books.toscrape.com/catalogue/giant-days-vol-2-giant-days-5-8_895/index.html
2026-10-06 22:22:51,582 | INFO    | scrapers.base_scraper | Fetched https://books.toscrape.com/catalogue/forever-and-forever-the-courtship-of-henry-longfellow-and-fanny-appleton_894/index.html
2026-10-06 22:22:52,547 | INFO    | scrapers.base_scraper | Fetched https://books.toscrape.com/catalogue/first-and-first-five-boroughs-3_893/index.html
2026-10-06 22:22:54,289 | INFO    | scrapers.base_scraper | Fetched https://books.toscrape.com/catalogue/fifty-shades-darker-fifty-shades-2_892/index.html
2026-10-06 22:22:55,914 | INFO    | scrapers.base_scraper | Fetched https://books.toscrape.com/catalogue/everydata-the-misinformation-hidden-in-the-little-data-you-consume-every-day_891/index.html
2026-10-06 22:22:56,898 | INFO    | scrapers.base_scraper | Fetched https://books.toscrape.com/catalogue/dont-be-a-jerk-and-other-practical-advice-from-dogen-japans-greatest-zen-master_890/index.html
2026-10-06 22:22:58,859 | INFO    | scrapers.base_scraper | Fetched https://books.toscrape.com/catalogue/danganronpa-volume-1_889/index.html
2026-10-06 22:22:59,783 | INFO    | scrapers.base_scraper | Fetched https://books.toscrape.com/catalogue/crown-of-midnight-throne-of-glass-2_888/index.html
2026-10-06 22:23:00,766 | INFO    | scrapers.base_scraper | Fetched https://books.toscrape.com/catalogue/codename-baboushka-volume-1-the-conclave-of-death_887/index.html
2026-10-06 22:23:01,717 | INFO    | scrapers.base_scraper | Fetched https://books.toscrape.com/catalogue/camp-midnight_886/index.html
2026-10-06 22:23:02,636 | INFO    | scrapers.base_scraper | Fetched https://books.toscrape.com/catalogue/call-the-nurse-true-stories-of-a-country-nurse-on-a-scottish-isle_885/index.html
2026-10-06 22:23:03,487 | INFO    | scrapers.base_scraper | Fetched https://books.toscrape.com/catalogue/burning_884/index.html
2026-10-06 22:23:04,627 | INFO    | scrapers.base_scraper | Fetched https://books.toscrape.com/catalogue/bossypants_883/index.html
2026-10-06 22:23:05,583 | INFO    | scrapers.base_scraper | Fetched https://books.toscrape.com/catalogue/bitch-planet-vol-1-extraordinary-machine-bitch-planet-collected-editions_882/index.html
2026-10-06 22:23:06,534 | INFO    | scrapers.base_scraper | Fetched https://books.toscrape.com/catalogue/avatar-the-last-airbender-smoke-and-shadow-part-3-smoke-and-shadow-3_881/index.html
2026-10-06 22:23:07,050 | INFO    | scrapers.base_scraper | Page 7: https://books.toscrape.com/catalogue/page-7.html
2026-10-06 22:23:10,164 | INFO    | scrapers.base_scraper | Fetched https://books.toscrape.com/catalogue/page-7.html
2026-10-06 22:23:11,133 | INFO    | scrapers.base_scraper | Fetched https://books.toscrape.com/catalogue/algorithms-to-live-by-the-computer-science-of-human-decisions_880/index.html
2026-10-06 22:23:12,113 | INFO    | scrapers.base_scraper | Fetched https://books.toscrape.com/catalogue/a-world-of-flavor-your-gluten-free-passport_879/index.html
2026-10-06 22:23:13,064 | INFO    | scrapers.base_scraper | Fetched https://books.toscrape.com/catalogue/a-piece-of-sky-a-grain-of-rice-a-memoir-in-four-meditations_878/index.html
2026-10-06 22:23:14,032 | INFO    | scrapers.base_scraper | Fetched https://books.toscrape.com/catalogue/a-murder-in-time_877/index.html
2026-10-06 22:23:15,038 | INFO    | scrapers.base_scraper | Fetched https://books.toscrape.com/catalogue/a-flight-of-arrows-the-pathfinders-2_876/index.html
2026-10-06 22:23:15,964 | INFO    | scrapers.base_scraper | Fetched https://books.toscrape.com/catalogue/a-fierce-and-subtle-poison_875/index.html
2026-10-06 22:23:17,174 | INFO    | scrapers.base_scraper | Fetched https://books.toscrape.com/catalogue/a-court-of-thorns-and-roses-a-court-of-thorns-and-roses-1_874/index.html
2026-10-06 22:23:18,149 | INFO    | scrapers.base_scraper | Fetched https://books.toscrape.com/catalogue/unqualified-how-god-uses-broken-people-to-do-big-things_873/index.html
2026-10-06 22:23:18,968 | INFO    | scrapers.base_scraper | Fetched https://books.toscrape.com/catalogue/you-are-what-you-love-the-spiritual-power-of-habit_872/index.html
2026-10-06 22:23:20,079 | INFO    | scrapers.base_scraper | Fetched https://books.toscrape.com/catalogue/william-shakespeares-star-wars-verily-a-new-hope-william-shakespeares-star-wars-4_871/index.html
2026-10-06 22:23:21,035 | INFO    | scrapers.base_scraper | Fetched https://books.toscrape.com/catalogue/tuesday-nights-in-1980_870/index.html
2026-10-06 22:23:22,255 | INFO    | scrapers.base_scraper | Fetched https://books.toscrape.com/catalogue/tracing-numbers-on-a-train_869/index.html
2026-10-06 22:23:24,195 | INFO    | scrapers.base_scraper | Fetched https://books.toscrape.com/catalogue/throne-of-glass-throne-of-glass-1_868/index.html
2026-10-06 22:23:25,152 | INFO    | scrapers.base_scraper | Fetched https://books.toscrape.com/catalogue/thomas-jefferson-and-the-tripoli-pirates-the-forgotten-war-that-changed-american-history_867/index.html
2026-10-06 22:23:27,096 | INFO    | scrapers.base_scraper | Fetched https://books.toscrape.com/catalogue/thirteen-reasons-why_866/index.html
2026-10-06 22:23:28,066 | INFO    | scrapers.base_scraper | Fetched https://books.toscrape.com/catalogue/the-white-cat-and-the-monk-a-retelling-of-the-poem-pangur-ban_865/index.html
2026-10-06 22:23:29,049 | INFO    | scrapers.base_scraper | Fetched https://books.toscrape.com/catalogue/the-wedding-dress_864/index.html
2026-10-06 22:23:29,980 | INFO    | scrapers.base_scraper | Fetched https://books.toscrape.com/catalogue/the-vacationers_863/index.html
2026-10-06 22:23:32,395 | INFO    | scrapers.base_scraper | Fetched https://books.toscrape.com/catalogue/the-third-wave-an-entrepreneurs-vision-of-the-future_862/index.html
2026-10-06 22:23:33,881 | INFO    | scrapers.base_scraper | Fetched https://books.toscrape.com/catalogue/the-stranger_861/index.html
2026-10-06 22:23:34,383 | INFO    | scrapers.base_scraper | Page 8: https://books.toscrape.com/catalogue/page-8.html
2026-10-06 22:23:36,018 | INFO    | scrapers.base_scraper | Fetched https://books.toscrape.com/catalogue/page-8.html
2026-10-06 22:23:36,991 | INFO    | scrapers.base_scraper | Fetched https://books.toscrape.com/catalogue/the-shadow-hero-the-shadow-hero_860/index.html
2026-10-06 22:23:37,940 | INFO    | scrapers.base_scraper | Fetched https://books.toscrape.com/catalogue/the-secret-the-secret-1_859/index.html
2026-10-06 22:23:38,879 | INFO    | scrapers.base_scraper | Fetched https://books.toscrape.com/catalogue/the-regional-office-is-under-attack_858/index.html
2026-10-06 22:23:39,880 | INFO    | scrapers.base_scraper | Fetched https://books.toscrape.com/catalogue/the-psychopath-test-a-journey-through-the-madness-industry_857/index.html
2026-10-06 22:23:40,846 | INFO    | scrapers.base_scraper | Fetched https://books.toscrape.com/catalogue/the-project_856/index.html
2026-10-06 22:23:41,814 | INFO    | scrapers.base_scraper | Fetched https://books.toscrape.com/catalogue/the-power-of-now-a-guide-to-spiritual-enlightenment_855/index.html
2026-10-06 22:23:46,180 | INFO    | scrapers.base_scraper | Fetched https://books.toscrape.com/catalogue/the-omnivores-dilemma-a-natural-history-of-four-meals_854/index.html
2026-10-06 22:23:48,358 | INFO    | scrapers.base_scraper | Fetched https://books.toscrape.com/catalogue/the-nerdy-nummies-cookbook-sweet-treats-for-the-geek-in-all-of-us_853/index.html
2026-10-06 22:23:50,995 | INFO    | scrapers.base_scraper | Fetched https://books.toscrape.com/catalogue/the-murder-of-roger-ackroyd-hercule-poirot-4_852/index.html
2026-10-06 22:23:51,979 | INFO    | scrapers.base_scraper | Fetched https://books.toscrape.com/catalogue/the-mistake-off-campus-2_851/index.html
2026-10-06 22:23:54,250 | INFO    | scrapers.base_scraper | Fetched https://books.toscrape.com/catalogue/the-matchmakers-playbook-wingmen-inc-1_850/index.html
2026-10-06 22:23:56,355 | INFO    | scrapers.base_scraper | Fetched https://books.toscrape.com/catalogue/the-love-and-lemons-cookbook-an-apple-to-zucchini-celebration-of-impromptu-cooking_849/index.html
2026-10-06 22:23:57,762 | INFO    | scrapers.base_scraper | Fetched https://books.toscrape.com/catalogue/the-long-shadow-of-small-ghosts-murder-and-memory-in-an-american-city_848/index.html
2026-10-06 22:24:02,352 | INFO    | scrapers.base_scraper | Fetched https://books.toscrape.com/catalogue/the-kite-runner_847/index.html
2026-10-06 22:24:03,349 | INFO    | scrapers.base_scraper | Fetched https://books.toscrape.com/catalogue/the-house-by-the-lake_846/index.html
2026-10-06 22:24:04,283 | INFO    | scrapers.base_scraper | Fetched https://books.toscrape.com/catalogue/the-glittering-court-the-glittering-court-1_845/index.html
2026-10-06 22:24:05,312 | INFO    | scrapers.base_scraper | Fetched https://books.toscrape.com/catalogue/the-girl-on-the-train_844/index.html
2026-10-06 22:24:07,937 | INFO    | scrapers.base_scraper | Fetched https://books.toscrape.com/catalogue/the-genius-of-birds_843/index.html
2026-10-06 22:24:08,934 | INFO    | scrapers.base_scraper | Fetched https://books.toscrape.com/catalogue/the-emerald-mystery_842/index.html
2026-10-06 22:24:10,076 | INFO    | scrapers.base_scraper | Fetched https://books.toscrape.com/catalogue/the-cookies-cups-cookbook-125-sweet-savory-recipes-reminding-you-to-always-eat-dessert-first_841/index.html
2026-10-06 22:24:10,598 | INFO    | scrapers.base_scraper | Page 9: https://books.toscrape.com/catalogue/page-9.html
2026-10-06 22:24:11,548 | INFO    | scrapers.base_scraper | Fetched https://books.toscrape.com/catalogue/page-9.html
2026-10-06 22:24:12,547 | INFO    | scrapers.base_scraper | Fetched https://books.toscrape.com/catalogue/the-bridge-to-consciousness-im-writing-the-bridge-between-science-and-our-old-and-new-beliefs_840/index.html
2026-10-06 22:24:13,466 | INFO    | scrapers.base_scraper | Fetched https://books.toscrape.com/catalogue/the-artists-way-a-spiritual-path-to-higher-creativity_839/index.html
2026-10-06 22:24:14,417 | INFO    | scrapers.base_scraper | Fetched https://books.toscrape.com/catalogue/the-art-of-war_838/index.html
2026-10-06 22:24:15,397 | INFO    | scrapers.base_scraper | Fetched https://books.toscrape.com/catalogue/the-argonauts_837/index.html
2026-10-06 22:24:16,846 | INFO    | scrapers.base_scraper | Fetched https://books.toscrape.com/catalogue/the-10-entrepreneur-live-your-startup-dream-without-quitting-your-day-job_836/index.html
2026-10-06 22:24:18,153 | INFO    | scrapers.base_scraper | Fetched https://books.toscrape.com/catalogue/suddenly-in-love-lake-haven-1_835/index.html
2026-10-06 22:24:19,515 | INFO    | scrapers.base_scraper | Fetched https://books.toscrape.com/catalogue/something-more-than-this_834/index.html
2026-10-06 22:24:20,467 | INFO    | scrapers.base_scraper | Fetched https://books.toscrape.com/catalogue/soft-apocalypse_833/index.html
2026-10-06 22:24:21,443 | INFO    | scrapers.base_scraper | Fetched https://books.toscrape.com/catalogue/so-youve-been-publicly-shamed_832/index.html
2026-10-06 22:24:22,978 | INFO    | scrapers.base_scraper | Fetched https://books.toscrape.com/catalogue/shoe-dog-a-memoir-by-the-creator-of-nike_831/index.html
2026-10-06 22:24:24,140 | INFO    | scrapers.base_scraper | Fetched https://books.toscrape.com/catalogue/shobu-samurai-project-aryoku-3_830/index.html
2026-10-06 22:24:25,321 | INFO    | scrapers.base_scraper | Fetched https://books.toscrape.com/catalogue/secrets-and-lace-fatal-hearts-1_829/index.html
2026-10-06 22:24:27,005 | INFO    | scrapers.base_scraper | Fetched https://books.toscrape.com/catalogue/scarlett-epstein-hates-it-here_828/index.html
2026-10-06 22:24:28,034 | INFO    | scrapers.base_scraper | Fetched https://books.toscrape.com/catalogue/romero-and-juliet-a-tragic-tale-of-love-and-zombies_827/index.html
2026-10-06 22:24:28,949 | INFO    | scrapers.base_scraper | Fetched https://books.toscrape.com/catalogue/redeeming-love_826/index.html
2026-10-06 22:24:29,902 | INFO    | scrapers.base_scraper | Fetched https://books.toscrape.com/catalogue/poses-for-artists-volume-1-dynamic-and-sitting-poses-an-essential-reference-for-figure-drawing-and-the-human-form_825/index.html
2026-10-06 22:24:30,876 | INFO    | scrapers.base_scraper | Fetched https://books.toscrape.com/catalogue/poems-that-make-grown-women-cry_824/index.html
2026-10-06 22:24:31,927 | INFO    | scrapers.base_scraper | Fetched https://books.toscrape.com/catalogue/nightingale-sing_823/index.html
2026-10-06 22:24:32,880 | INFO    | scrapers.base_scraper | Fetched https://books.toscrape.com/catalogue/night-sky-with-exit-wounds_822/index.html
2026-10-06 22:24:34,024 | INFO    | scrapers.base_scraper | Fetched https://books.toscrape.com/catalogue/mrs-houdini_821/index.html
2026-10-06 22:24:34,530 | INFO    | scrapers.base_scraper | Page 10: https://books.toscrape.com/catalogue/page-10.html
2026-10-06 22:24:35,935 | INFO    | scrapers.base_scraper | Fetched https://books.toscrape.com/catalogue/page-10.html
2026-10-06 22:24:36,946 | INFO    | scrapers.base_scraper | Fetched https://books.toscrape.com/catalogue/modern-romance_820/index.html
2026-10-06 22:24:37,866 | INFO    | scrapers.base_scraper | Fetched https://books.toscrape.com/catalogue/miss-peregrines-home-for-peculiar-children-miss-peregrines-peculiar-children-1_819/index.html
2026-10-06 22:24:38,850 | INFO    | scrapers.base_scraper | Fetched https://books.toscrape.com/catalogue/louisa-the-extraordinary-life-of-mrs-adams_818/index.html
2026-10-06 22:24:40,041 | INFO    | scrapers.base_scraper | Fetched https://books.toscrape.com/catalogue/little-red_817/index.html
2026-10-06 22:24:41,011 | INFO    | scrapers.base_scraper | Fetched https://books.toscrape.com/catalogue/library-of-souls-miss-peregrines-peculiar-children-3_816/index.html
2026-10-06 22:24:41,978 | INFO    | scrapers.base_scraper | Fetched https://books.toscrape.com/catalogue/large-print-heart-of-the-pride_815/index.html
2026-10-06 22:24:43,477 | INFO    | scrapers.base_scraper | Fetched https://books.toscrape.com/catalogue/i-had-a-nice-time-and-other-lies-how-to-find-love-sht-like-that_814/index.html
2026-10-06 22:24:44,447 | INFO    | scrapers.base_scraper | Fetched https://books.toscrape.com/catalogue/hollow-city-miss-peregrines-peculiar-children-2_813/index.html
2026-10-06 22:24:46,573 | INFO    | scrapers.base_scraper | Fetched https://books.toscrape.com/catalogue/grumbles_812/index.html
2026-10-06 22:24:48,014 | INFO    | scrapers.base_scraper | Fetched https://books.toscrape.com/catalogue/full-moon-over-noahs-ark-an-odyssey-to-mount-ararat-and-beyond_811/index.html
2026-10-06 22:24:48,968 | INFO    | scrapers.base_scraper | Fetched https://books.toscrape.com/catalogue/frostbite-vampire-academy-2_810/index.html
2026-10-06 22:24:50,433 | INFO    | scrapers.base_scraper | Fetched https://books.toscrape.com/catalogue/follow-you-home_809/index.html
2026-10-06 22:24:52,198 | INFO    | scrapers.base_scraper | Fetched https://books.toscrape.com/catalogue/first-steps-for-new-christians-print-edition_808/index.html
2026-10-06 22:24:53,325 | INFO    | scrapers.base_scraper | Fetched https://books.toscrape.com/catalogue/finders-keepers-bill-hodges-trilogy-2_807/index.html
2026-10-06 22:24:54,284 | INFO    | scrapers.base_scraper | Fetched https://books.toscrape.com/catalogue/fables-vol-1-legends-in-exile-fables-1_806/index.html
2026-10-06 22:24:55,278 | INFO    | scrapers.base_scraper | Fetched https://books.toscrape.com/catalogue/eureka-trivia-60_805/index.html
2026-10-06 22:24:56,229 | INFO    | scrapers.base_scraper | Fetched https://books.toscrape.com/catalogue/drive-the-surprising-truth-about-what-motivates-us_804/index.html
2026-10-06 22:24:57,198 | INFO    | scrapers.base_scraper | Fetched https://books.toscrape.com/catalogue/done-rubbed-out-reightman-bailey-1_803/index.html
2026-10-06 22:24:58,212 | INFO    | scrapers.base_scraper | Fetched https://books.toscrape.com/catalogue/doing-it-over-most-likely-to-1_802/index.html
2026-10-06 22:24:59,597 | INFO    | scrapers.base_scraper | Fetched https://books.toscrape.com/catalogue/deliciously-ella-every-day-quick-and-easy-recipes-for-gluten-free-snacks-packed-lunches-and-simple-meals_801/index.html
2026-10-06 22:25:00,101 | INFO    | scrapers.base_scraper | Page 11: https://books.toscrape.com/catalogue/page-11.html
2026-10-06 22:25:01,033 | INFO    | scrapers.base_scraper | Fetched https://books.toscrape.com/catalogue/page-11.html
2026-10-06 22:25:02,499 | INFO    | scrapers.base_scraper | Fetched https://books.toscrape.com/catalogue/dark-notes_800/index.html
2026-10-06 22:25:04,276 | INFO    | scrapers.base_scraper | Fetched https://books.toscrape.com/catalogue/daring-greatly-how-the-courage-to-be-vulnerable-transforms-the-way-we-live-love-parent-and-lead_799/index.html
2026-10-06 22:25:05,713 | INFO    | scrapers.base_scraper | Fetched https://books.toscrape.com/catalogue/close-to-you_798/index.html
2026-10-06 22:25:07,569 | INFO    | scrapers.base_scraper | Fetched https://books.toscrape.com/catalogue/chasing-heaven-what-dying-taught-me-about-living_797/index.html
2026-10-06 22:25:08,780 | INFO    | scrapers.base_scraper | Fetched https://books.toscrape.com/catalogue/big-magic-creative-living-beyond-fear_796/index.html
2026-10-06 22:25:10,147 | INFO    | scrapers.base_scraper | Fetched https://books.toscrape.com/catalogue/becoming-wise-an-inquiry-into-the-mystery-and-art-of-living_795/index.html
2026-10-06 22:25:12,413 | INFO    | scrapers.base_scraper | Fetched https://books.toscrape.com/catalogue/beauty-restored-riley-family-legacy-novellas-3_794/index.html
2026-10-06 22:25:13,911 | INFO    | scrapers.base_scraper | Fetched https://books.toscrape.com/catalogue/batman-the-long-halloween-batman_793/index.html
2026-10-06 22:25:15,363 | INFO    | scrapers.base_scraper | Fetched https://books.toscrape.com/catalogue/batman-the-dark-knight-returns-batman_792/index.html
2026-10-06 22:25:16,754 | INFO    | scrapers.base_scraper | Fetched https://books.toscrape.com/catalogue/ayumis-violin_791/index.html
2026-10-06 22:25:17,723 | INFO    | scrapers.base_scraper | Fetched https://books.toscrape.com/catalogue/anonymous_790/index.html
2026-10-06 22:25:19,945 | INFO    | scrapers.base_scraper | Fetched https://books.toscrape.com/catalogue/amy-meets-the-saints-and-sages_789/index.html
2026-10-06 22:25:21,076 | INFO    | scrapers.base_scraper | Fetched https://books.toscrape.com/catalogue/amid-the-chaos_788/index.html
2026-10-06 22:25:22,352 | INFO    | scrapers.base_scraper | Fetched https://books.toscrape.com/catalogue/amatus_787/index.html
2026-10-06 22:25:23,279 | INFO    | scrapers.base_scraper | Fetched https://books.toscrape.com/catalogue/agnostic-a-spirited-manifesto_786/index.html
2026-10-06 22:25:24,265 | INFO    | scrapers.base_scraper | Fetched https://books.toscrape.com/catalogue/zealot-the-life-and-times-of-jesus-of-nazareth_785/index.html
2026-10-06 22:25:25,215 | INFO    | scrapers.base_scraper | Fetched https://books.toscrape.com/catalogue/you-you-1_784/index.html
2026-10-06 22:25:26,173 | INFO    | scrapers.base_scraper | Fetched https://books.toscrape.com/catalogue/wonder-woman-earth-one-volume-one-wonder-woman-earth-one-1_783/index.html
2026-10-06 22:25:26,984 | INFO    | scrapers.base_scraper | Fetched https://books.toscrape.com/catalogue/wild-swans_782/index.html
2026-10-06 22:25:28,096 | INFO    | scrapers.base_scraper | Fetched https://books.toscrape.com/catalogue/why-the-right-went-wrong-conservatism-from-goldwater-to-the-tea-party-and-beyond_781/index.html
2026-10-06 22:25:28,614 | INFO    | scrapers.base_scraper | Page 12: https://books.toscrape.com/catalogue/page-12.html
2026-10-06 22:25:29,580 | INFO    | scrapers.base_scraper | Fetched https://books.toscrape.com/catalogue/page-12.html
2026-10-06 22:25:30,529 | INFO    | scrapers.base_scraper | Fetched https://books.toscrape.com/catalogue/whole-lotta-creativity-going-on-60-fun-and-unusual-exercises-to-awaken-and-strengthen-your-creativity_780/index.html
2026-10-06 22:25:31,481 | INFO    | scrapers.base_scraper | Fetched https://books.toscrape.com/catalogue/whats-it-like-in-space-stories-from-astronauts-whove-been-there_779/index.html
2026-10-06 22:25:32,931 | INFO    | scrapers.base_scraper | Fetched https://books.toscrape.com/catalogue/we-are-robin-vol-1-the-vigilante-business-we-are-robin-1_778/index.html
2026-10-06 22:25:34,686 | INFO    | scrapers.base_scraper | Fetched https://books.toscrape.com/catalogue/walt-disneys-alice-in-wonderland_777/index.html
2026-10-06 22:25:37,045 | INFO    | scrapers.base_scraper | Fetched https://books.toscrape.com/catalogue/v-for-vendetta-v-for-vendetta-complete_776/index.html
2026-10-06 22:25:37,999 | INFO    | scrapers.base_scraper | Fetched https://books.toscrape.com/catalogue/until-friday-night-the-field-party-1_775/index.html
2026-10-06 22:25:38,996 | INFO    | scrapers.base_scraper | Fetched https://books.toscrape.com/catalogue/unbroken-a-world-war-ii-story-of-survival-resilience-and-redemption_774/index.html
2026-10-06 22:25:39,947 | INFO    | scrapers.base_scraper | Fetched https://books.toscrape.com/catalogue/twenty-yawns_773/index.html
2026-10-06 22:25:40,864 | INFO    | scrapers.base_scraper | Fetched https://books.toscrape.com/catalogue/through-the-woods_772/index.html
2026-10-06 22:25:42,687 | INFO    | scrapers.base_scraper | Fetched https://books.toscrape.com/catalogue/this-is-where-it-ends_771/index.html
2026-10-06 22:25:43,567 | INFO    | scrapers.base_scraper | Fetched https://books.toscrape.com/catalogue/the-year-of-magical-thinking_770/index.html
2026-10-06 22:25:44,757 | INFO    | scrapers.base_scraper | Fetched https://books.toscrape.com/catalogue/the-wright-brothers_769/index.html
2026-10-06 22:25:45,725 | INFO    | scrapers.base_scraper | Fetched https://books.toscrape.com/catalogue/the-white-queen-the-cousins-war-1_768/index.html
2026-10-06 22:25:46,712 | INFO    | scrapers.base_scraper | Fetched https://books.toscrape.com/catalogue/the-wedding-pact-the-omalleys-2_767/index.html
2026-10-06 22:25:47,679 | INFO    | scrapers.base_scraper | Fetched https://books.toscrape.com/catalogue/the-time-keeper_766/index.html
2026-10-06 22:25:48,875 | INFO    | scrapers.base_scraper | Fetched https://books.toscrape.com/catalogue/the-testament-of-mary_765/index.html
2026-10-06 22:25:49,829 | INFO    | scrapers.base_scraper | Fetched https://books.toscrape.com/catalogue/the-star-touched-queen_764/index.html
2026-10-06 22:25:50,815 | INFO    | scrapers.base_scraper | Fetched https://books.toscrape.com/catalogue/the-songs-of-the-gods_763/index.html
2026-10-06 22:25:51,767 | INFO    | scrapers.base_scraper | Fetched https://books.toscrape.com/catalogue/the-song-of-achilles_762/index.html
2026-10-06 22:25:52,745 | INFO    | scrapers.base_scraper | Fetched https://books.toscrape.com/catalogue/the-rosie-project-don-tillman-1_761/index.html
2026-10-06 22:25:53,252 | INFO    | scrapers.base_scraper | Page 13: https://books.toscrape.com/catalogue/page-13.html
2026-10-06 22:25:54,166 | INFO    | scrapers.base_scraper | Fetched https://books.toscrape.com/catalogue/page-13.html
2026-10-06 22:25:55,642 | INFO    | scrapers.base_scraper | Fetched https://books.toscrape.com/catalogue/the-power-of-habit-why-we-do-what-we-do-in-life-and-business_760/index.html
2026-10-06 22:25:56,649 | INFO    | scrapers.base_scraper | Fetched https://books.toscrape.com/catalogue/the-marriage-of-opposites_759/index.html
2026-10-06 22:25:58,041 | INFO    | scrapers.base_scraper | Fetched https://books.toscrape.com/catalogue/the-lucifer-effect-understanding-how-good-people-turn-evil_758/index.html
2026-10-06 22:25:59,012 | INFO    | scrapers.base_scraper | Fetched https://books.toscrape.com/catalogue/the-long-haul-diary-of-a-wimpy-kid-9_757/index.html
2026-10-06 22:25:59,988 | INFO    | scrapers.base_scraper | Fetched https://books.toscrape.com/catalogue/the-loney_756/index.html
2026-10-06 22:26:00,958 | INFO    | scrapers.base_scraper | Fetched https://books.toscrape.com/catalogue/the-literature-book-big-ideas-simply-explained_755/index.html
2026-10-06 22:26:01,902 | INFO    | scrapers.base_scraper | Fetched https://books.toscrape.com/catalogue/the-last-mile-amos-decker-2_754/index.html
2026-10-06 22:26:03,419 | INFO    | scrapers.base_scraper | Fetched https://books.toscrape.com/catalogue/the-immortal-life-of-henrietta-lacks_753/index.html
2026-10-06 22:26:04,823 | INFO    | scrapers.base_scraper | Fetched https://books.toscrape.com/catalogue/the-hidden-oracle-the-trials-of-apollo-1_752/index.html
2026-10-06 22:26:06,245 | INFO    | scrapers.base_scraper | Fetched https://books.toscrape.com/catalogue/the-help-yourself-cookbook-for-kids-60-easy-plant-based-recipes-kids-can-make-to-stay-healthy-and-save-the-earth_751/index.html
2026-10-06 22:26:07,761 | INFO    | scrapers.base_scraper | Fetched https://books.toscrape.com/catalogue/the-guilty-will-robie-4_750/index.html
2026-10-06 22:26:08,669 | INFO    | scrapers.base_scraper | Fetched https://books.toscrape.com/catalogue/the-first-hostage-jb-collins-2_749/index.html
2026-10-06 22:26:09,632 | INFO    | scrapers.base_scraper | Fetched https://books.toscrape.com/catalogue/the-dovekeepers_748/index.html
2026-10-06 22:26:10,591 | INFO    | scrapers.base_scraper | Fetched https://books.toscrape.com/catalogue/the-darkest-lie_747/index.html
2026-10-06 22:26:12,701 | INFO    | scrapers.base_scraper | Fetched https://books.toscrape.com/catalogue/the-bane-chronicles-the-bane-chronicles-1-11_746/index.html
2026-10-06 22:26:13,660 | INFO    | scrapers.base_scraper | Fetched https://books.toscrape.com/catalogue/the-bad-ass-librarians-of-timbuktu-and-their-race-to-save-the-worlds-most-precious-manuscripts_745/index.html
2026-10-06 22:26:14,528 | INFO    | scrapers.base_scraper | Fetched https://books.toscrape.com/catalogue/the-14th-colony-cotton-malone-11_744/index.html
2026-10-06 22:26:16,721 | INFO    | scrapers.base_scraper | Fetched https://books.toscrape.com/catalogue/that-darkness-gardiner-and-renner-1_743/index.html
2026-10-06 22:26:20,368 | INFO    | scrapers.base_scraper | Fetched https://books.toscrape.com/catalogue/tastes-like-fear-di-marnie-rome-3_742/index.html
2026-10-06 22:26:30,910 | WARNING | urllib3.connectionpool | Retrying (Retry(total=2, connect=None, read=None, redirect=None, status=None)) after connection broken by 'ReadTimeoutError("HTTPSConnectionPool(host='books.toscrape.com', port=443): Read timed out. (read timeout=10)")': /catalogue/take-me-with-you_741/index.html
2026-10-06 22:26:35,725 | INFO    | scrapers.base_scraper | Fetched https://books.toscrape.com/catalogue/take-me-with-you_741/index.html
2026-10-06 22:26:36,237 | INFO    | scrapers.base_scraper | Page 14: https://books.toscrape.com/catalogue/page-14.html
2026-10-06 22:26:40,538 | INFO    | scrapers.base_scraper | Fetched https://books.toscrape.com/catalogue/page-14.html
2026-10-06 22:26:41,744 | INFO    | scrapers.base_scraper | Fetched https://books.toscrape.com/catalogue/swell-a-year-of-waves_740/index.html
2026-10-06 22:26:42,868 | INFO    | scrapers.base_scraper | Fetched https://books.toscrape.com/catalogue/superman-vol-1-before-truth-superman-by-gene-luen-yang-1_739/index.html
2026-10-06 22:26:44,315 | INFO    | scrapers.base_scraper | Fetched https://books.toscrape.com/catalogue/still-life-with-bread-crumbs_738/index.html
2026-10-06 22:26:45,482 | INFO    | scrapers.base_scraper | Fetched https://books.toscrape.com/catalogue/steve-jobs_737/index.html
2026-10-06 22:26:46,602 | INFO    | scrapers.base_scraper | Fetched https://books.toscrape.com/catalogue/sorting-the-beef-from-the-bull-the-science-of-food-fraud-forensics_736/index.html
2026-10-06 22:26:47,734 | INFO    | scrapers.base_scraper | Fetched https://books.toscrape.com/catalogue/someone-like-you-the-harrisons-2_735/index.html
2026-10-06 22:26:48,852 | INFO    | scrapers.base_scraper | Fetched https://books.toscrape.com/catalogue/so-cute-it-hurts-vol-6-so-cute-it-hurts-6_734/index.html
2026-10-06 22:26:49,968 | INFO    | scrapers.base_scraper | Fetched https://books.toscrape.com/catalogue/shtum_733/index.html
2026-10-06 22:26:51,057 | INFO    | scrapers.base_scraper | Fetched https://books.toscrape.com/catalogue/see-america-a-celebration-of-our-national-parks-treasured-sites_732/index.html
2026-10-06 22:26:52,233 | INFO    | scrapers.base_scraper | Fetched https://books.toscrape.com/catalogue/salt_731/index.html
2026-10-06 22:26:54,148 | INFO    | scrapers.base_scraper | Fetched https://books.toscrape.com/catalogue/robin-war_730/index.html
2026-10-06 22:26:55,969 | INFO    | scrapers.base_scraper | Fetched https://books.toscrape.com/catalogue/red-hoodarsenal-vol-1-open-for-business-red-hoodarsenal-1_729/index.html
2026-10-06 22:26:57,098 | INFO    | scrapers.base_scraper | Fetched https://books.toscrape.com/catalogue/rain-fish_728/index.html
2026-10-06 22:26:58,233 | INFO    | scrapers.base_scraper | Fetched https://books.toscrape.com/catalogue/quarter-life-poetry-poems-for-the-young-broke-and-hangry_727/index.html
2026-10-06 22:26:59,063 | INFO    | scrapers.base_scraper | Fetched https://books.toscrape.com/catalogue/pet-sematary_726/index.html
2026-10-06 22:27:00,174 | INFO    | scrapers.base_scraper | Fetched https://books.toscrape.com/catalogue/overload-how-to-unplug-unwind-and-unleash-yourself-from-the-pressure-of-stress_725/index.html
2026-10-06 22:27:01,009 | INFO    | scrapers.base_scraper | Fetched https://books.toscrape.com/catalogue/once-was-a-time_724/index.html
2026-10-06 22:27:01,831 | INFO    | scrapers.base_scraper | Fetched https://books.toscrape.com/catalogue/old-school-diary-of-a-wimpy-kid-10_723/index.html
2026-10-06 22:27:02,934 | INFO    | scrapers.base_scraper | Fetched https://books.toscrape.com/catalogue/no-dream-is-too-high-life-lessons-from-a-man-who-walked-on-the-moon_722/index.html
2026-10-06 22:27:03,771 | INFO    | scrapers.base_scraper | Fetched https://books.toscrape.com/catalogue/naruto-3-in-1-edition-vol-14-includes-vols-40-41-42-naruto-omnibus-14_721/index.html
2026-10-06 22:27:04,278 | INFO    | scrapers.base_scraper | Page 15: https://books.toscrape.com/catalogue/page-15.html
2026-10-06 22:27:05,720 | INFO    | scrapers.base_scraper | Fetched https://books.toscrape.com/catalogue/page-15.html
2026-10-06 22:27:06,867 | INFO    | scrapers.base_scraper | Fetched https://books.toscrape.com/catalogue/my-name-is-lucy-barton_720/index.html
2026-10-06 22:27:07,984 | INFO    | scrapers.base_scraper | Fetched https://books.toscrape.com/catalogue/my-mrs-brown_719/index.html
2026-10-06 22:27:09,131 | INFO    | scrapers.base_scraper | Fetched https://books.toscrape.com/catalogue/my-kind-of-crazy_718/index.html
2026-10-06 22:27:10,249 | INFO    | scrapers.base_scraper | Fetched https://books.toscrape.com/catalogue/mr-mercedes-bill-hodges-trilogy-1_717/index.html
2026-10-06 22:27:12,178 | INFO    | scrapers.base_scraper | Fetched https://books.toscrape.com/catalogue/more-than-music-chasing-the-dream-1_716/index.html
2026-10-06 22:27:13,732 | INFO    | scrapers.base_scraper | Fetched https://books.toscrape.com/catalogue/made-to-stick-why-some-ideas-survive-and-others-die_715/index.html
2026-10-06 22:27:15,350 | INFO    | scrapers.base_scraper | Fetched https://books.toscrape.com/catalogue/luis-paints-the-world_714/index.html
2026-10-06 22:27:16,292 | INFO    | scrapers.base_scraper | Fetched https://books.toscrape.com/catalogue/luckiest-girl-alive_713/index.html
2026-10-06 22:27:17,463 | INFO    | scrapers.base_scraper | Fetched https://books.toscrape.com/catalogue/lowriders-to-the-center-of-the-earth-lowriders-in-space-2_712/index.html
2026-10-06 22:27:18,376 | INFO    | scrapers.base_scraper | Fetched https://books.toscrape.com/catalogue/love-is-a-mix-tape-music-1_711/index.html
2026-10-06 22:27:19,259 | INFO    | scrapers.base_scraper | Fetched https://books.toscrape.com/catalogue/looking-for-lovely-collecting-the-moments-that-matter_710/index.html
2026-10-06 22:27:20,145 | INFO    | scrapers.base_scraper | Fetched https://books.toscrape.com/catalogue/living-leadership-by-insight-a-good-leader-achieves-a-great-leader-builds-monuments_709/index.html
2026-10-06 22:27:20,979 | INFO    | scrapers.base_scraper | Fetched https://books.toscrape.com/catalogue/let-it-out-a-journey-through-journaling_708/index.html
2026-10-06 22:27:22,272 | INFO    | scrapers.base_scraper | Fetched https://books.toscrape.com/catalogue/lady-midnight-the-dark-artifices-1_707/index.html
2026-10-06 22:27:23,422 | INFO    | scrapers.base_scraper | Fetched https://books.toscrape.com/catalogue/its-all-easy-healthy-delicious-weeknight-meals-in-under-30-minutes_706/index.html
2026-10-06 22:27:24,550 | INFO    | scrapers.base_scraper | Fetched https://books.toscrape.com/catalogue/island-of-dragons-unwanteds-7_705/index.html
2026-10-06 22:27:26,229 | INFO    | scrapers.base_scraper | Fetched https://books.toscrape.com/catalogue/i-know-what-im-doing-and-other-lies-i-tell-myself-dispatches-from-a-life-under-construction_704/index.html
2026-10-06 22:27:27,345 | INFO    | scrapers.base_scraper | Fetched https://books.toscrape.com/catalogue/i-am-pilgrim-pilgrim-1_703/index.html
2026-10-06 22:27:28,460 | INFO    | scrapers.base_scraper | Fetched https://books.toscrape.com/catalogue/hyperbole-and-a-half-unfortunate-situations-flawed-coping-mechanisms-mayhem-and-other-things-that-happened_702/index.html
2026-10-06 22:27:29,642 | INFO    | scrapers.base_scraper | Fetched https://books.toscrape.com/catalogue/hush-hush-hush-hush-1_701/index.html
2026-10-06 22:27:30,152 | INFO    | scrapers.base_scraper | Page 16: https://books.toscrape.com/catalogue/page-16.html
2026-10-06 22:27:31,058 | INFO    | scrapers.base_scraper | Fetched https://books.toscrape.com/catalogue/page-16.html
2026-10-06 22:27:32,678 | INFO    | scrapers.base_scraper | Fetched https://books.toscrape.com/catalogue/hold-your-breath-search-and-rescue-1_700/index.html
2026-10-06 22:27:33,821 | INFO    | scrapers.base_scraper | Fetched https://books.toscrape.com/catalogue/hamilton-the-revolution_699/index.html
2026-10-06 22:27:34,943 | INFO    | scrapers.base_scraper | Fetched https://books.toscrape.com/catalogue/greek-mythic-history_698/index.html
2026-10-06 22:27:36,049 | INFO    | scrapers.base_scraper | Fetched https://books.toscrape.com/catalogue/god-the-most-unpleasant-character-in-all-fiction_697/index.html
2026-10-06 22:27:37,170 | INFO    | scrapers.base_scraper | Fetched https://books.toscrape.com/catalogue/glory-over-everything-beyond-the-kitchen-house_696/index.html
2026-10-06 22:27:38,331 | INFO    | scrapers.base_scraper | Fetched https://books.toscrape.com/catalogue/feathers-displays-of-brilliant-plumage_695/index.html
2026-10-06 22:27:39,464 | INFO    | scrapers.base_scraper | Fetched https://books.toscrape.com/catalogue/far-away-places-on-the-brink-of-change-seven-continents-twenty-five-years_694/index.html
2026-10-06 22:27:41,044 | INFO    | scrapers.base_scraper | Fetched https://books.toscrape.com/catalogue/every-last-word_693/index.html
2026-10-06 22:27:42,164 | INFO    | scrapers.base_scraper | Fetched https://books.toscrape.com/catalogue/eligible-the-austen-project-4_692/index.html
2026-10-06 22:27:44,027 | INFO    | scrapers.base_scraper | Fetched https://books.toscrape.com/catalogue/el-deafo_691/index.html
2026-10-06 22:27:45,260 | INFO    | scrapers.base_scraper | Fetched https://books.toscrape.com/catalogue/eight-hundred-grapes_690/index.html
2026-10-06 22:27:46,462 | INFO    | scrapers.base_scraper | Fetched https://books.toscrape.com/catalogue/eaternity-more-than-150-deliciously-easy-vegan-recipes-for-a-long-healthy-satisfied-joyful-life_689/index.html
2026-10-06 22:27:47,630 | INFO    | scrapers.base_scraper | Fetched https://books.toscrape.com/catalogue/eat-fat-get-thin_688/index.html
2026-10-06 22:27:48,860 | INFO    | scrapers.base_scraper | Fetched https://books.toscrape.com/catalogue/dont-get-caught_687/index.html
2026-10-06 22:27:50,998 | INFO    | scrapers.base_scraper | Fetched https://books.toscrape.com/catalogue/doctor-sleep-the-shining-2_686/index.html
2026-10-06 22:27:54,145 | INFO    | scrapers.base_scraper | Fetched https://books.toscrape.com/catalogue/demigods-magicians-percy-and-annabeth-meet-the-kanes-percy-jackson-kane-chronicles-crossover-1-3_685/index.html
2026-10-06 22:27:55,802 | INFO    | scrapers.base_scraper | Fetched https://books.toscrape.com/catalogue/dear-mr-knightley_684/index.html
2026-10-06 22:27:57,151 | INFO    | scrapers.base_scraper | Fetched https://books.toscrape.com/catalogue/daily-fantasy-sports_683/index.html
2026-10-06 22:27:58,665 | INFO    | scrapers.base_scraper | Fetched https://books.toscrape.com/catalogue/crazy-love-overwhelmed-by-a-relentless-god_682/index.html
2026-10-06 22:27:59,570 | INFO    | scrapers.base_scraper | Fetched https://books.toscrape.com/catalogue/cometh-the-hour-the-clifton-chronicles-6_681/index.html
2026-10-06 22:28:00,074 | INFO    | scrapers.base_scraper | Page 17: https://books.toscrape.com/catalogue/page-17.html
2026-10-06 22:28:00,722 | INFO    | scrapers.base_scraper | Fetched https://books.toscrape.com/catalogue/page-17.html
2026-10-06 22:28:02,420 | INFO    | scrapers.base_scraper | Fetched https://books.toscrape.com/catalogue/code-name-verity-code-name-verity-1_680/index.html
2026-10-06 22:28:03,562 | INFO    | scrapers.base_scraper | Fetched https://books.toscrape.com/catalogue/clockwork-angel-the-infernal-devices-1_679/index.html
2026-10-06 22:28:04,696 | INFO    | scrapers.base_scraper | Fetched https://books.toscrape.com/catalogue/city-of-glass-the-mortal-instruments-3_678/index.html
2026-10-06 22:28:06,626 | INFO    | scrapers.base_scraper | Fetched https://books.toscrape.com/catalogue/city-of-fallen-angels-the-mortal-instruments-4_677/index.html
2026-10-06 22:28:07,762 | INFO    | scrapers.base_scraper | Fetched https://books.toscrape.com/catalogue/city-of-bones-the-mortal-instruments-1_676/index.html
2026-10-06 22:28:08,863 | INFO    | scrapers.base_scraper | Fetched https://books.toscrape.com/catalogue/city-of-ashes-the-mortal-instruments-2_675/index.html
2026-10-06 22:28:10,503 | INFO    | scrapers.base_scraper | Fetched https://books.toscrape.com/catalogue/cell_674/index.html
2026-10-06 22:28:11,710 | INFO    | scrapers.base_scraper | Fetched https://books.toscrape.com/catalogue/catching-jordan-hundred-oaks_673/index.html
2026-10-06 22:28:12,574 | INFO    | scrapers.base_scraper | Fetched https://books.toscrape.com/catalogue/carry-on-warrior-thoughts-on-life-unarmed_672/index.html
2026-10-06 22:28:13,750 | INFO    | scrapers.base_scraper | Fetched https://books.toscrape.com/catalogue/carrie_671/index.html
2026-10-06 22:28:15,137 | INFO    | scrapers.base_scraper | Fetched https://books.toscrape.com/catalogue/buying-in-the-secret-dialogue-between-what-we-buy-and-who-we-are_670/index.html
2026-10-06 22:28:16,264 | INFO    | scrapers.base_scraper | Fetched https://books.toscrape.com/catalogue/brain-on-fire-my-month-of-madness_669/index.html
2026-10-06 22:28:17,428 | INFO    | scrapers.base_scraper | Fetched https://books.toscrape.com/catalogue/batman-europa_668/index.html
2026-10-06 22:28:18,271 | INFO    | scrapers.base_scraper | Fetched https://books.toscrape.com/catalogue/barefoot-contessa-back-to-basics_667/index.html
2026-10-06 22:28:19,443 | INFO    | scrapers.base_scraper | Fetched https://books.toscrape.com/catalogue/barefoot-contessa-at-home-everyday-recipes-youll-make-over-and-over-again_666/index.html
2026-10-06 22:28:20,547 | INFO    | scrapers.base_scraper | Fetched https://books.toscrape.com/catalogue/balloon-animals_665/index.html
2026-10-06 22:28:21,393 | INFO    | scrapers.base_scraper | Fetched https://books.toscrape.com/catalogue/art-ops-vol-1_664/index.html
2026-10-06 22:28:22,323 | INFO    | scrapers.base_scraper | Fetched https://books.toscrape.com/catalogue/aristotle-and-dante-discover-the-secrets-of-the-universe-aristotle-and-dante-discover-the-secrets-of-the-universe-1_663/index.html
2026-10-06 22:28:23,452 | INFO    | scrapers.base_scraper | Fetched https://books.toscrape.com/catalogue/angels-walking-angels-walking-1_662/index.html
2026-10-06 22:28:24,593 | INFO    | scrapers.base_scraper | Fetched https://books.toscrape.com/catalogue/angels-demons-robert-langdon-1_661/index.html
2026-10-06 22:28:25,099 | INFO    | scrapers.base_scraper | Page 18: https://books.toscrape.com/catalogue/page-18.html
2026-10-06 22:28:25,705 | INFO    | scrapers.base_scraper | Fetched https://books.toscrape.com/catalogue/page-18.html
2026-10-06 22:28:27,232 | INFO    | scrapers.base_scraper | Fetched https://books.toscrape.com/catalogue/all-the-light-we-cannot-see_660/index.html
2026-10-06 22:28:28,221 | INFO    | scrapers.base_scraper | Fetched https://books.toscrape.com/catalogue/adulthood-is-a-myth-a-sarahs-scribbles-collection_659/index.html
2026-10-06 22:28:29,411 | INFO    | scrapers.base_scraper | Fetched https://books.toscrape.com/catalogue/abstract-city_658/index.html
2026-10-06 22:28:30,275 | INFO    | scrapers.base_scraper | Fetched https://books.toscrape.com/catalogue/a-time-of-torment-charlie-parker-14_657/index.html
2026-10-06 22:28:31,145 | INFO    | scrapers.base_scraper | Fetched https://books.toscrape.com/catalogue/a-study-in-scarlet-sherlock-holmes-1_656/index.html
2026-10-06 22:28:32,056 | INFO    | scrapers.base_scraper | Fetched https://books.toscrape.com/catalogue/a-series-of-catastrophes-and-miracles-a-true-story-of-love-science-and-cancer_655/index.html
2026-10-06 22:28:33,688 | INFO    | scrapers.base_scraper | Fetched https://books.toscrape.com/catalogue/a-peoples-history-of-the-united-states_654/index.html
2026-10-06 22:28:35,148 | INFO    | scrapers.base_scraper | Fetched https://books.toscrape.com/catalogue/a-man-called-ove_653/index.html
2026-10-06 22:28:36,354 | INFO    | scrapers.base_scraper | Fetched https://books.toscrape.com/catalogue/a-distant-mirror-the-calamitous-14th-century_652/index.html
2026-10-06 22:28:38,100 | INFO    | scrapers.base_scraper | Fetched https://books.toscrape.com/catalogue/a-brush-of-wings-angels-walking-3_651/index.html
2026-10-06 22:28:39,449 | INFO    | scrapers.base_scraper | Fetched https://books.toscrape.com/catalogue/1491-new-revelations-of-the-americas-before-columbus_650/index.html
2026-10-06 22:28:40,247 | INFO    | scrapers.base_scraper | Fetched https://books.toscrape.com/catalogue/the-three-searches-meaning-and-the-story_649/index.html
2026-10-06 22:28:41,108 | INFO    | scrapers.base_scraper | Fetched https://books.toscrape.com/catalogue/searching-for-meaning-in-gailana_648/index.html
2026-10-06 22:28:41,988 | INFO    | scrapers.base_scraper | Fetched https://books.toscrape.com/catalogue/rook_647/index.html
2026-10-06 22:28:43,437 | INFO    | scrapers.base_scraper | Fetched https://books.toscrape.com/catalogue/my-kitchen-year-136-recipes-that-saved-my-life_646/index.html
2026-10-06 22:28:44,291 | INFO    | scrapers.base_scraper | Fetched https://books.toscrape.com/catalogue/13-hours-the-inside-account-of-what-really-happened-in-benghazi_645/index.html
2026-10-06 22:28:45,184 | INFO    | scrapers.base_scraper | Fetched https://books.toscrape.com/catalogue/will-you-wont-you-want-me_644/index.html
2026-10-06 22:28:48,299 | INFO    | scrapers.base_scraper | Fetched https://books.toscrape.com/catalogue/tipping-point-for-planet-earth-how-close-are-we-to-the-edge_643/index.html
2026-10-06 22:28:49,991 | INFO    | scrapers.base_scraper | Fetched https://books.toscrape.com/catalogue/the-star-touched-queen_642/index.html
2026-10-06 22:28:50,905 | INFO    | scrapers.base_scraper | Fetched https://books.toscrape.com/catalogue/the-silent-sister-riley-macpherson-1_641/index.html
2026-10-06 22:28:51,415 | INFO    | scrapers.base_scraper | Page 19: https://books.toscrape.com/catalogue/page-19.html
2026-10-06 22:28:52,111 | INFO    | scrapers.base_scraper | Fetched https://books.toscrape.com/catalogue/page-19.html
2026-10-06 22:28:53,100 | INFO    | scrapers.base_scraper | Fetched https://books.toscrape.com/catalogue/the-midnight-watch-a-novel-of-the-titanic-and-the-californian_640/index.html
2026-10-06 22:28:54,015 | INFO    | scrapers.base_scraper | Fetched https://books.toscrape.com/catalogue/the-lonely-city-adventures-in-the-art-of-being-alone_639/index.html
2026-10-06 22:28:55,273 | INFO    | scrapers.base_scraper | Fetched https://books.toscrape.com/catalogue/the-gray-rhino-how-to-recognize-and-act-on-the-obvious-dangers-we-ignore_638/index.html
2026-10-06 22:28:56,157 | INFO    | scrapers.base_scraper | Fetched https://books.toscrape.com/catalogue/the-golden-condom-and-other-essays-on-love-lost-and-found_637/index.html
2026-10-06 22:28:57,423 | INFO    | scrapers.base_scraper | Fetched https://books.toscrape.com/catalogue/the-epidemic-the-program-06_636/index.html
2026-10-06 22:28:58,976 | INFO    | scrapers.base_scraper | Fetched https://books.toscrape.com/catalogue/the-dinner-party_635/index.html
2026-10-06 22:29:00,112 | INFO    | scrapers.base_scraper | Fetched https://books.toscrape.com/catalogue/the-diary-of-a-young-girl_634/index.html
2026-10-06 22:29:01,184 | INFO    | scrapers.base_scraper | Fetched https://books.toscrape.com/catalogue/the-children_633/index.html
2026-10-06 22:29:02,302 | INFO    | scrapers.base_scraper | Fetched https://books.toscrape.com/catalogue/stars-above-the-lunar-chronicles-45_632/index.html
2026-10-06 22:29:04,626 | INFO    | scrapers.base_scraper | Fetched https://books.toscrape.com/catalogue/snatched-how-a-drug-queen-went-undercover-for-the-dea-and-was-kidnapped-by-colombian-guerillas_631/index.html
2026-10-06 22:29:05,510 | INFO    | scrapers.base_scraper | Fetched https://books.toscrape.com/catalogue/raspberry-pi-electronics-projects-for-the-evil-genius_630/index.html
2026-10-06 22:29:07,429 | INFO    | scrapers.base_scraper | Fetched https://books.toscrape.com/catalogue/quench-your-own-thirst-business-lessons-learned-over-a-beer-or-two_629/index.html
2026-10-06 22:29:08,308 | INFO    | scrapers.base_scraper | Fetched https://books.toscrape.com/catalogue/psycho-sanitarium-psycho-15_628/index.html
2026-10-06 22:29:09,273 | INFO    | scrapers.base_scraper | Fetched https://books.toscrape.com/catalogue/poisonous-max-revere-novels-3_627/index.html
2026-10-06 22:29:10,605 | INFO    | scrapers.base_scraper | Fetched https://books.toscrape.com/catalogue/one-with-you-crossfire-5_626/index.html
2026-10-06 22:29:11,442 | INFO    | scrapers.base_scraper | Fetched https://books.toscrape.com/catalogue/no-love-allowed-dodge-cove-1_625/index.html
2026-10-06 22:29:12,295 | INFO    | scrapers.base_scraper | Fetched https://books.toscrape.com/catalogue/murder-at-the-42nd-street-library-raymond-ambler-1_624/index.html
2026-10-06 22:29:13,149 | INFO    | scrapers.base_scraper | Fetched https://books.toscrape.com/catalogue/most-wanted_623/index.html
2026-10-06 22:29:14,504 | INFO    | scrapers.base_scraper | Fetched https://books.toscrape.com/catalogue/love-lies-and-spies_622/index.html
2026-10-06 22:29:15,738 | INFO    | scrapers.base_scraper | Fetched https://books.toscrape.com/catalogue/how-to-speak-golf-an-illustrated-guide-to-links-lingo_621/index.html
2026-10-06 22:29:16,253 | INFO    | scrapers.base_scraper | Page 20: https://books.toscrape.com/catalogue/page-20.html
2026-10-06 22:29:16,896 | INFO    | scrapers.base_scraper | Fetched https://books.toscrape.com/catalogue/page-20.html
2026-10-06 22:29:17,841 | INFO    | scrapers.base_scraper | Fetched https://books.toscrape.com/catalogue/hide-away-eve-duncan-20_620/index.html
2026-10-06 22:29:19,246 | INFO    | scrapers.base_scraper | Fetched https://books.toscrape.com/catalogue/furiously-happy-a-funny-book-about-horrible-things_619/index.html
2026-10-06 22:29:20,092 | INFO    | scrapers.base_scraper | Fetched https://books.toscrape.com/catalogue/everyday-italian-125-simple-and-delicious-recipes_618/index.html
2026-10-06 22:29:20,939 | INFO    | scrapers.base_scraper | Fetched https://books.toscrape.com/catalogue/equal-is-unfair-americas-misguided-fight-against-income-inequality_617/index.html
2026-10-06 22:29:21,837 | INFO    | scrapers.base_scraper | Fetched https://books.toscrape.com/catalogue/eleanor-park_616/index.html
2026-10-06 22:29:22,661 | INFO    | scrapers.base_scraper | Fetched https://books.toscrape.com/catalogue/dirty-dive-bar-1_615/index.html
2026-10-06 22:29:23,479 | INFO    | scrapers.base_scraper | Fetched https://books.toscrape.com/catalogue/can-you-keep-a-secret-fear-street-relaunch-4_614/index.html
2026-10-06 22:29:24,382 | INFO    | scrapers.base_scraper | Fetched https://books.toscrape.com/catalogue/boar-island-anna-pigeon-19_613/index.html
2026-10-06 22:29:25,620 | INFO    | scrapers.base_scraper | Fetched https://books.toscrape.com/catalogue/a-paris-apartment_612/index.html
2026-10-06 22:29:26,952 | INFO    | scrapers.base_scraper | Fetched https://books.toscrape.com/catalogue/a-la-mode-120-recipes-in-60-pairings-pies-tarts-cakes-crisps-and-more-topped-with-ice-cream-gelato-frozen-custard-and-more_611/index.html
2026-10-06 22:29:28,077 | INFO    | scrapers.base_scraper | Fetched https://books.toscrape.com/catalogue/troublemaker-surviving-hollywood-and-scientology_610/index.html
2026-10-06 22:29:28,939 | INFO    | scrapers.base_scraper | Fetched https://books.toscrape.com/catalogue/the-widow_609/index.html
2026-10-06 22:29:30,079 | INFO    | scrapers.base_scraper | Fetched https://books.toscrape.com/catalogue/the-sleep-revolution-transforming-your-life-one-night-at-a-time_608/index.html
2026-10-06 22:29:31,004 | INFO    | scrapers.base_scraper | Fetched https://books.toscrape.com/catalogue/the-improbability-of-love_607/index.html
2026-10-06 22:29:32,235 | INFO    | scrapers.base_scraper | Fetched https://books.toscrape.com/catalogue/the-art-of-startup-fundraising_606/index.html
2026-10-06 22:29:33,066 | INFO    | scrapers.base_scraper | Fetched https://books.toscrape.com/catalogue/take-me-home-tonight-rock-star-romance-3_605/index.html
2026-10-06 22:29:34,221 | INFO    | scrapers.base_scraper | Fetched https://books.toscrape.com/catalogue/sleeping-giants-themis-files-1_604/index.html
2026-10-06 22:29:35,481 | INFO    | scrapers.base_scraper | Fetched https://books.toscrape.com/catalogue/setting-the-world-on-fire-the-brief-astonishing-life-of-st-catherine-of-siena_603/index.html
2026-10-06 22:29:36,408 | INFO    | scrapers.base_scraper | Fetched https://books.toscrape.com/catalogue/playing-with-fire_602/index.html
2026-10-06 22:29:37,307 | INFO    | scrapers.base_scraper | Fetched https://books.toscrape.com/catalogue/off-the-hook-fishing-for-trouble-1_601/index.html
2026-10-06 22:29:37,819 | INFO    | scrapers.base_scraper | Page 21: https://books.toscrape.com/catalogue/page-21.html
2026-10-06 22:29:38,456 | INFO    | scrapers.base_scraper | Fetched https://books.toscrape.com/catalogue/page-21.html
2026-10-06 22:29:39,403 | INFO    | scrapers.base_scraper | Fetched https://books.toscrape.com/catalogue/mothering-sunday_600/index.html
2026-10-06 22:29:40,273 | INFO    | scrapers.base_scraper | Fetched https://books.toscrape.com/catalogue/mother-can-you-not_599/index.html
2026-10-06 22:29:41,109 | INFO    | scrapers.base_scraper | Fetched https://books.toscrape.com/catalogue/m-train_598/index.html
2026-10-06 22:29:41,921 | INFO    | scrapers.base_scraper | Fetched https://books.toscrape.com/catalogue/lilac-girls_597/index.html
2026-10-06 22:29:42,735 | INFO    | scrapers.base_scraper | Fetched https://books.toscrape.com/catalogue/lies-and-other-acts-of-love_596/index.html
2026-10-06 22:29:43,580 | INFO    | scrapers.base_scraper | Fetched https://books.toscrape.com/catalogue/lab-girl_595/index.html
2026-10-06 22:29:44,466 | INFO    | scrapers.base_scraper | Fetched https://books.toscrape.com/catalogue/keep-me-posted_594/index.html
2026-10-06 22:29:45,651 | INFO    | scrapers.base_scraper | Fetched https://books.toscrape.com/catalogue/it-didnt-start-with-you-how-inherited-family-trauma-shapes-who-we-are-and-how-to-end-the-cycle_593/index.html
2026-10-06 22:29:46,543 | INFO    | scrapers.base_scraper | Fetched https://books.toscrape.com/catalogue/grey-fifty-shades-4_592/index.html
2026-10-06 22:29:47,395 | INFO    | scrapers.base_scraper | Fetched https://books.toscrape.com/catalogue/exit-pursued-by-a-bear_591/index.html
2026-10-06 22:29:49,037 | INFO    | scrapers.base_scraper | Fetched https://books.toscrape.com/catalogue/daredevils_590/index.html
2026-10-06 22:29:49,880 | INFO    | scrapers.base_scraper | Fetched https://books.toscrape.com/catalogue/cravings-recipes-for-what-you-want-to-eat_589/index.html
2026-10-06 22:29:50,749 | INFO    | scrapers.base_scraper | Fetched https://books.toscrape.com/catalogue/born-for-this-how-to-find-the-work-you-were-meant-to-do_588/index.html
2026-10-06 22:29:51,612 | INFO    | scrapers.base_scraper | Fetched https://books.toscrape.com/catalogue/arena_587/index.html
2026-10-06 22:29:52,467 | INFO    | scrapers.base_scraper | Fetched https://books.toscrape.com/catalogue/adultery_586/index.html
2026-10-06 22:29:54,086 | INFO    | scrapers.base_scraper | Fetched https://books.toscrape.com/catalogue/a-mothers-reckoning-living-in-the-aftermath-of-tragedy_585/index.html
2026-10-06 22:29:55,260 | INFO    | scrapers.base_scraper | Fetched https://books.toscrape.com/catalogue/a-gentlemans-position-society-of-gentlemen-3_584/index.html
2026-10-06 22:29:56,390 | INFO    | scrapers.base_scraper | Fetched https://books.toscrape.com/catalogue/112263_583/index.html
2026-10-06 22:29:57,539 | INFO    | scrapers.base_scraper | Fetched https://books.toscrape.com/catalogue/10-happier-how-i-tamed-the-voice-in-my-head-reduced-stress-without-losing-my-edge-and-found-self-help-that-actually-works_582/index.html
2026-10-06 22:29:58,687 | INFO    | scrapers.base_scraper | Fetched https://books.toscrape.com/catalogue/10-day-green-smoothie-cleanse-lose-up-to-15-pounds-in-10-days_581/index.html
2026-10-06 22:29:59,212 | INFO    | scrapers.base_scraper | Page 22: https://books.toscrape.com/catalogue/page-22.html
2026-10-06 22:29:59,873 | INFO    | scrapers.base_scraper | Fetched https://books.toscrape.com/catalogue/page-22.html
2026-10-06 22:30:00,757 | INFO    | scrapers.base_scraper | Fetched https://books.toscrape.com/catalogue/without-shame_580/index.html
2026-10-06 22:30:01,659 | INFO    | scrapers.base_scraper | Fetched https://books.toscrape.com/catalogue/watchmen_579/index.html
2026-10-06 22:30:02,836 | INFO    | scrapers.base_scraper | Fetched https://books.toscrape.com/catalogue/unlimited-intuition-now_578/index.html
2026-10-06 22:30:03,713 | INFO    | scrapers.base_scraper | Fetched https://books.toscrape.com/catalogue/underlying-notes_577/index.html
2026-10-06 22:30:04,823 | INFO    | scrapers.base_scraper | Fetched https://books.toscrape.com/catalogue/the-shack_576/index.html
2026-10-06 22:30:05,663 | INFO    | scrapers.base_scraper | Fetched https://books.toscrape.com/catalogue/the-new-brand-you-your-new-image-makes-the-sale-for-you_575/index.html
2026-10-06 22:30:06,514 | INFO    | scrapers.base_scraper | Fetched https://books.toscrape.com/catalogue/the-moosewood-cookbook-recipes-from-moosewood-restaurant-ithaca-new-york_574/index.html
2026-10-06 22:30:07,355 | INFO    | scrapers.base_scraper | Fetched https://books.toscrape.com/catalogue/the-flowers-lied_573/index.html
2026-10-06 22:30:08,472 | INFO    | scrapers.base_scraper | Fetched https://books.toscrape.com/catalogue/the-fabric-of-the-cosmos-space-time-and-the-texture-of-reality_572/index.html
2026-10-06 22:30:09,636 | INFO    | scrapers.base_scraper | Fetched https://books.toscrape.com/catalogue/the-book-of-mormon_571/index.html
2026-10-06 22:30:10,643 | INFO    | scrapers.base_scraper | Fetched https://books.toscrape.com/catalogue/the-art-and-science-of-low-carbohydrate-living_570/index.html
2026-10-06 22:30:11,513 | INFO    | scrapers.base_scraper | Fetched https://books.toscrape.com/catalogue/the-alien-club_569/index.html
2026-10-06 22:30:12,687 | INFO    | scrapers.base_scraper | Fetched https://books.toscrape.com/catalogue/suzie-snowflake-one-beautiful-flake-a-self-esteem-story_568/index.html
2026-10-06 22:30:13,721 | INFO    | scrapers.base_scraper | Fetched https://books.toscrape.com/catalogue/nap-a-roo_567/index.html
2026-10-06 22:30:14,852 | INFO    | scrapers.base_scraper | Fetched https://books.toscrape.com/catalogue/nano-what-now-finding-your-editing-process-revising-your-nanowrimo-book-and-building-a-writing-career-through-publishing-and-beyond_566/index.html
2026-10-06 22:30:15,968 | INFO    | scrapers.base_scraper | Fetched https://books.toscrape.com/catalogue/modern-day-fables_565/index.html
2026-10-06 22:30:17,165 | INFO    | scrapers.base_scraper | Fetched https://books.toscrape.com/catalogue/if-i-gave-you-gods-phone-number-searching-for-spirituality-in-america_564/index.html
2026-10-06 22:30:18,013 | INFO    | scrapers.base_scraper | Fetched https://books.toscrape.com/catalogue/fruits-basket-vol-9-fruits-basket-9_563/index.html
2026-10-06 22:30:19,301 | INFO    | scrapers.base_scraper | Fetched https://books.toscrape.com/catalogue/dress-your-family-in-corduroy-and-denim_562/index.html
2026-10-06 22:30:20,178 | INFO    | scrapers.base_scraper | Fetched https://books.toscrape.com/catalogue/dont-forget-steven_561/index.html
2026-10-06 22:30:20,695 | INFO    | scrapers.base_scraper | Page 23: https://books.toscrape.com/catalogue/page-23.html
2026-10-06 22:30:21,453 | INFO    | scrapers.base_scraper | Fetched https://books.toscrape.com/catalogue/page-23.html
2026-10-06 22:30:22,349 | INFO    | scrapers.base_scraper | Fetched https://books.toscrape.com/catalogue/chernobyl-012340-the-incredible-true-story-of-the-worlds-worst-nuclear-disaster_560/index.html
2026-10-06 22:30:23,182 | INFO    | scrapers.base_scraper | Fetched https://books.toscrape.com/catalogue/art-and-fear-observations-on-the-perils-and-rewards-of-artmaking_559/index.html
2026-10-06 22:30:24,994 | INFO    | scrapers.base_scraper | Fetched https://books.toscrape.com/catalogue/a-shard-of-ice-the-black-symphony-saga-1_558/index.html
2026-10-06 22:30:25,994 | INFO    | scrapers.base_scraper | Fetched https://books.toscrape.com/catalogue/a-heros-curse-the-unseen-chronicles-1_557/index.html
2026-10-06 22:30:27,259 | INFO    | scrapers.base_scraper | Fetched https://books.toscrape.com/catalogue/23-degrees-south-a-tropical-tale-of-changing-whether_556/index.html
2026-10-06 22:30:28,179 | INFO    | scrapers.base_scraper | Fetched https://books.toscrape.com/catalogue/zero-to-one-notes-on-startups-or-how-to-build-the-future_555/index.html
2026-10-06 22:30:29,097 | INFO    | scrapers.base_scraper | Fetched https://books.toscrape.com/catalogue/why-not-me_554/index.html
2026-10-06 22:30:30,011 | INFO    | scrapers.base_scraper | Fetched https://books.toscrape.com/catalogue/when-breath-becomes-air_553/index.html
2026-10-06 22:30:30,865 | INFO    | scrapers.base_scraper | Fetched https://books.toscrape.com/catalogue/vagabonding-an-uncommon-guide-to-the-art-of-long-term-world-travel_552/index.html
2026-10-06 22:30:31,792 | INFO    | scrapers.base_scraper | Fetched https://books.toscrape.com/catalogue/the-unlikely-pilgrimage-of-harold-fry-harold-fry-1_551/index.html
2026-10-06 22:30:32,743 | INFO    | scrapers.base_scraper | Fetched https://books.toscrape.com/catalogue/the-new-drawing-on-the-right-side-of-the-brain_550/index.html
2026-10-06 22:30:34,099 | INFO    | scrapers.base_scraper | Fetched https://books.toscrape.com/catalogue/the-midnight-assassin-panic-scandal-and-the-hunt-for-americas-first-serial-killer_549/index.html
2026-10-06 22:30:34,945 | INFO    | scrapers.base_scraper | Fetched https://books.toscrape.com/catalogue/the-martian-the-martian-1_548/index.html
2026-10-06 22:30:35,813 | INFO    | scrapers.base_scraper | Fetched https://books.toscrape.com/catalogue/the-high-mountains-of-portugal_547/index.html
2026-10-06 22:30:36,737 | INFO    | scrapers.base_scraper | Fetched https://books.toscrape.com/catalogue/the-grownup_546/index.html
2026-10-06 22:30:37,901 | INFO    | scrapers.base_scraper | Fetched https://books.toscrape.com/catalogue/the-e-myth-revisited-why-most-small-businesses-dont-work-and-what-to-do-about-it_545/index.html
2026-10-06 22:30:38,778 | INFO    | scrapers.base_scraper | Fetched https://books.toscrape.com/catalogue/south-of-sunshine_544/index.html
2026-10-06 22:30:39,669 | INFO    | scrapers.base_scraper | Fetched https://books.toscrape.com/catalogue/smarter-faster-better-the-secrets-of-being-productive-in-life-and-business_543/index.html
2026-10-06 22:30:40,789 | INFO    | scrapers.base_scraper | Fetched https://books.toscrape.com/catalogue/silence-in-the-dark-logan-point-4_542/index.html
2026-10-06 22:30:41,739 | INFO    | scrapers.base_scraper | Fetched https://books.toscrape.com/catalogue/shadows-of-the-past-logan-point-1_541/index.html
2026-10-06 22:30:42,264 | INFO    | scrapers.base_scraper | Page 24: https://books.toscrape.com/catalogue/page-24.html
2026-10-06 22:30:43,026 | INFO    | scrapers.base_scraper | Fetched https://books.toscrape.com/catalogue/page-24.html
2026-10-06 22:30:43,876 | INFO    | scrapers.base_scraper | Fetched https://books.toscrape.com/catalogue/roller-girl_540/index.html
2026-10-06 22:30:45,218 | INFO    | scrapers.base_scraper | Fetched https://books.toscrape.com/catalogue/rising-strong_539/index.html
2026-10-06 22:30:46,062 | INFO    | scrapers.base_scraper | Fetched https://books.toscrape.com/catalogue/proofs-of-god-classical-arguments-from-tertullian-to-barth_538/index.html
2026-10-06 22:30:46,985 | INFO    | scrapers.base_scraper | Fetched https://books.toscrape.com/catalogue/please-kill-me-the-uncensored-oral-history-of-punk_537/index.html
2026-10-06 22:30:48,096 | INFO    | scrapers.base_scraper | Fetched https://books.toscrape.com/catalogue/out-of-print-city-lights-spotlight-no-14_536/index.html
2026-10-06 22:30:49,681 | INFO    | scrapers.base_scraper | Fetched https://books.toscrape.com/catalogue/my-life-next-door-my-life-next-door_535/index.html
2026-10-06 22:30:51,115 | INFO    | scrapers.base_scraper | Fetched https://books.toscrape.com/catalogue/millers-valley_534/index.html
2026-10-06 22:30:52,341 | INFO    | scrapers.base_scraper | Fetched https://books.toscrape.com/catalogue/mans-search-for-meaning_533/index.html
2026-10-06 22:30:53,436 | INFO    | scrapers.base_scraper | Fetched https://books.toscrape.com/catalogue/love-that-boy-what-two-presidents-eight-road-trips-and-my-son-taught-me-about-a-parents-expectations_532/index.html
2026-10-06 22:30:54,295 | INFO    | scrapers.base_scraper | Fetched https://books.toscrape.com/catalogue/living-forward-a-proven-plan-to-stop-drifting-and-get-the-life-you-want_531/index.html
2026-10-06 22:30:55,628 | INFO    | scrapers.base_scraper | Fetched https://books.toscrape.com/catalogue/les-fleurs-du-mal_530/index.html
2026-10-06 22:30:56,543 | INFO    | scrapers.base_scraper | Fetched https://books.toscrape.com/catalogue/left-behind-left-behind-1_529/index.html
2026-10-06 22:30:57,411 | INFO    | scrapers.base_scraper | Fetched https://books.toscrape.com/catalogue/kill-em-and-leave-searching-for-james-brown-and-the-american-soul_528/index.html
2026-10-06 22:30:58,341 | INFO    | scrapers.base_scraper | Fetched https://books.toscrape.com/catalogue/kierkegaard-a-christian-missionary-to-christians_527/index.html
2026-10-06 22:30:59,439 | INFO    | scrapers.base_scraper | Fetched https://books.toscrape.com/catalogue/john-vassos-industrial-design-for-modern-life_526/index.html
2026-10-06 22:31:00,551 | INFO    | scrapers.base_scraper | Fetched https://books.toscrape.com/catalogue/ill-give-you-the-sun_525/index.html
2026-10-06 22:31:01,669 | INFO    | scrapers.base_scraper | Fetched https://books.toscrape.com/catalogue/i-will-find-you_524/index.html
2026-10-06 22:31:02,801 | INFO    | scrapers.base_scraper | Fetched https://books.toscrape.com/catalogue/hystopia-a-novel_523/index.html
2026-10-06 22:31:04,207 | INFO    | scrapers.base_scraper | Fetched https://books.toscrape.com/catalogue/howl-and-other-poems_522/index.html
2026-10-06 22:31:05,875 | INFO    | scrapers.base_scraper | Fetched https://books.toscrape.com/catalogue/history-of-beauty_521/index.html
2026-10-06 22:31:06,377 | INFO    | scrapers.base_scraper | Page 25: https://books.toscrape.com/catalogue/page-25.html
2026-10-06 22:31:07,301 | INFO    | scrapers.base_scraper | Fetched https://books.toscrape.com/catalogue/page-25.html
2026-10-06 22:31:08,645 | INFO    | scrapers.base_scraper | Fetched https://books.toscrape.com/catalogue/heaven-is-for-real-a-little-boys-astounding-story-of-his-trip-to-heaven-and-back_520/index.html
2026-10-06 22:31:09,511 | INFO    | scrapers.base_scraper | Fetched https://books.toscrape.com/catalogue/future-shock-future-shock-1_519/index.html
2026-10-06 22:31:10,348 | INFO    | scrapers.base_scraper | Fetched https://books.toscrape.com/catalogue/enders-game-the-ender-quintet-1_518/index.html
2026-10-06 22:31:11,219 | INFO    | scrapers.base_scraper | Fetched https://books.toscrape.com/catalogue/diary-of-a-citizen-scientist-chasing-tiger-beetles-and-other-new-ways-of-engaging-the-world_517/index.html
2026-10-06 22:31:12,225 | INFO    | scrapers.base_scraper | Fetched https://books.toscrape.com/catalogue/death-by-leisure-a-cautionary-tale_516/index.html
2026-10-06 22:31:13,207 | INFO    | scrapers.base_scraper | Fetched https://books.toscrape.com/catalogue/brilliant-beacons-a-history-of-the-american-lighthouse_515/index.html
2026-10-06 22:31:20,295 | INFO    | scrapers.base_scraper | Fetched https://books.toscrape.com/catalogue/brazen-the-courage-to-find-the-you-thats-been-hiding_514/index.html
2026-10-06 22:31:23,265 | INFO    | scrapers.base_scraper | Fetched https://books.toscrape.com/catalogue/between-the-world-and-me_513/index.html
2026-10-06 22:31:28,180 | INFO    | scrapers.base_scraper | Fetched https://books.toscrape.com/catalogue/being-mortal-medicine-and-what-matters-in-the-end_512/index.html
2026-10-06 22:31:29,208 | INFO    | scrapers.base_scraper | Fetched https://books.toscrape.com/catalogue/a-murder-over-a-girl-justice-gender-junior-high_511/index.html
2026-10-06 22:31:30,917 | INFO    | scrapers.base_scraper | Fetched https://books.toscrape.com/catalogue/32-yolks_510/index.html
2026-10-06 22:31:34,938 | INFO    | scrapers.base_scraper | Fetched https://books.toscrape.com/catalogue/most-blessed-of-the-patriarchs-thomas-jefferson-and-the-empire-of-the-imagination_509/index.html
2026-10-06 22:31:35,810 | INFO    | scrapers.base_scraper | Fetched https://books.toscrape.com/catalogue/you-are-a-badass-how-to-stop-doubting-your-greatness-and-start-living-an-awesome-life_508/index.html
2026-10-06 22:31:36,712 | INFO    | scrapers.base_scraper | Fetched https://books.toscrape.com/catalogue/wildlife-of-new-york-a-five-borough-coloring-book_507/index.html
2026-10-06 22:31:37,657 | INFO    | scrapers.base_scraper | Fetched https://books.toscrape.com/catalogue/what-happened-on-beale-street-secrets-of-the-south-mysteries-2_506/index.html
2026-10-06 22:31:38,526 | INFO    | scrapers.base_scraper | Fetched https://books.toscrape.com/catalogue/unreasonable-hope-finding-faith-in-the-god-who-brings-purpose-to-your-pain_505/index.html
2026-10-06 22:31:39,397 | INFO    | scrapers.base_scraper | Fetched https://books.toscrape.com/catalogue/under-the-tuscan-sun_504/index.html
2026-10-06 22:31:40,890 | INFO    | scrapers.base_scraper | Fetched https://books.toscrape.com/catalogue/toddlers-are-aholes-its-not-your-fault_503/index.html
2026-10-06 22:31:41,795 | INFO    | scrapers.base_scraper | Fetched https://books.toscrape.com/catalogue/the-year-of-living-biblically-one-mans-humble-quest-to-follow-the-bible-as-literally-as-possible_502/index.html
2026-10-06 22:31:42,665 | INFO    | scrapers.base_scraper | Fetched https://books.toscrape.com/catalogue/the-whale_501/index.html
2026-10-06 22:31:43,171 | INFO    | scrapers.base_scraper | Page 26: https://books.toscrape.com/catalogue/page-26.html
2026-10-06 22:31:43,806 | INFO    | scrapers.base_scraper | Fetched https://books.toscrape.com/catalogue/page-26.html
2026-10-06 22:31:44,899 | INFO    | scrapers.base_scraper | Fetched https://books.toscrape.com/catalogue/the-story-of-art_500/index.html
2026-10-06 22:31:45,722 | INFO    | scrapers.base_scraper | Fetched https://books.toscrape.com/catalogue/the-origin-of-species_499/index.html
2026-10-06 22:31:46,562 | INFO    | scrapers.base_scraper | Fetched https://books.toscrape.com/catalogue/the-great-gatsby_498/index.html
2026-10-06 22:31:47,554 | INFO    | scrapers.base_scraper | Fetched https://books.toscrape.com/catalogue/the-good-girl_497/index.html
2026-10-06 22:31:48,396 | INFO    | scrapers.base_scraper | Fetched https://books.toscrape.com/catalogue/the-glass-castle_496/index.html
2026-10-06 22:31:49,550 | INFO    | scrapers.base_scraper | Fetched https://books.toscrape.com/catalogue/the-faith-of-christopher-hitchens-the-restless-soul-of-the-worlds-most-notorious-atheist_495/index.html
2026-10-06 22:31:50,928 | INFO    | scrapers.base_scraper | Fetched https://books.toscrape.com/catalogue/the-drowning-girls_494/index.html
2026-10-06 22:31:52,211 | INFO    | scrapers.base_scraper | Fetched https://books.toscrape.com/catalogue/the-constant-princess-the-tudor-court-1_493/index.html
2026-10-06 22:31:53,056 | INFO    | scrapers.base_scraper | Fetched https://books.toscrape.com/catalogue/the-bourne-identity-jason-bourne-1_492/index.html
2026-10-06 22:31:54,412 | INFO    | scrapers.base_scraper | Fetched https://books.toscrape.com/catalogue/the-bachelor-girls-guide-to-murder-herringford-and-watts-mysteries-1_491/index.html
2026-10-06 22:31:55,293 | INFO    | scrapers.base_scraper | Fetched https://books.toscrape.com/catalogue/the-art-book_490/index.html
2026-10-06 22:31:56,375 | INFO    | scrapers.base_scraper | Fetched https://books.toscrape.com/catalogue/the-7-habits-of-highly-effective-people-powerful-lessons-in-personal-change_489/index.html
2026-10-06 22:31:57,917 | INFO    | scrapers.base_scraper | Fetched https://books.toscrape.com/catalogue/team-of-rivals-the-political-genius-of-abraham-lincoln_488/index.html
2026-10-06 22:31:58,763 | INFO    | scrapers.base_scraper | Fetched https://books.toscrape.com/catalogue/steal-like-an-artist-10-things-nobody-told-you-about-being-creative_487/index.html
2026-10-06 22:31:59,614 | INFO    | scrapers.base_scraper | Fetched https://books.toscrape.com/catalogue/sit-stay-love_486/index.html
2026-10-06 22:32:00,445 | INFO    | scrapers.base_scraper | Fetched https://books.toscrape.com/catalogue/sister-dear_485/index.html
2026-10-06 22:32:01,332 | INFO    | scrapers.base_scraper | Fetched https://books.toscrape.com/catalogue/shrunken-treasures-literary-classics-short-sweet-and-silly_484/index.html
2026-10-06 22:32:02,258 | INFO    | scrapers.base_scraper | Fetched https://books.toscrape.com/catalogue/rich-dad-poor-dad_483/index.html
2026-10-06 22:32:03,096 | INFO    | scrapers.base_scraper | Fetched https://books.toscrape.com/catalogue/raymie-nightingale_482/index.html
2026-10-06 22:32:04,092 | INFO    | scrapers.base_scraper | Fetched https://books.toscrape.com/catalogue/playing-from-the-heart_481/index.html
2026-10-06 22:32:04,610 | INFO    | scrapers.base_scraper | Page 27: https://books.toscrape.com/catalogue/page-27.html
2026-10-06 22:32:05,331 | INFO    | scrapers.base_scraper | Fetched https://books.toscrape.com/catalogue/page-27.html
2026-10-06 22:32:06,323 | INFO    | scrapers.base_scraper | Fetched https://books.toscrape.com/catalogue/nightstruck-a-novel_480/index.html
2026-10-06 22:32:07,370 | INFO    | scrapers.base_scraper | Fetched https://books.toscrape.com/catalogue/naturally-lean-125-nourishing-gluten-free-plant-based-recipes-all-under-300-calories_479/index.html
2026-10-06 22:32:08,243 | INFO    | scrapers.base_scraper | Fetched https://books.toscrape.com/catalogue/meternity_478/index.html
2026-10-06 22:32:09,178 | INFO    | scrapers.base_scraper | Fetched https://books.toscrape.com/catalogue/memoirs-of-a-geisha_477/index.html
2026-10-06 22:32:10,188 | INFO    | scrapers.base_scraper | Fetched https://books.toscrape.com/catalogue/like-never-before-walker-family-2_476/index.html
2026-10-06 22:32:11,106 | INFO    | scrapers.base_scraper | Fetched https://books.toscrape.com/catalogue/life-of-pi_475/index.html
2026-10-06 22:32:11,966 | INFO    | scrapers.base_scraper | Fetched https://books.toscrape.com/catalogue/leave-this-song-behind-teen-poetry-at-its-best_474/index.html
2026-10-06 22:32:12,813 | INFO    | scrapers.base_scraper | Fetched https://books.toscrape.com/catalogue/kings-folly-the-kinsman-chronicles-1_473/index.html
2026-10-06 22:32:13,982 | INFO    | scrapers.base_scraper | Fetched https://books.toscrape.com/catalogue/john-adams_472/index.html
2026-10-06 22:32:15,247 | INFO    | scrapers.base_scraper | Fetched https://books.toscrape.com/catalogue/how-to-cook-everything-vegetarian-simple-meatless-recipes-for-great-food-how-to-cook-everything_471/index.html
2026-10-06 22:32:16,234 | INFO    | scrapers.base_scraper | Fetched https://books.toscrape.com/catalogue/how-to-be-a-domestic-goddess-baking-and-the-art-of-comfort-cooking_470/index.html
2026-10-06 22:32:17,230 | INFO    | scrapers.base_scraper | Fetched https://books.toscrape.com/catalogue/good-in-bed-cannie-shapiro-1_469/index.html
2026-10-06 22:32:18,383 | INFO    | scrapers.base_scraper | Fetched https://books.toscrape.com/catalogue/fruits-basket-vol-7-fruits-basket-7_468/index.html
2026-10-06 22:32:20,045 | INFO    | scrapers.base_scraper | Fetched https://books.toscrape.com/catalogue/for-the-love-fighting-for-grace-in-a-world-of-impossible-standards_467/index.html
2026-10-06 22:32:20,894 | INFO    | scrapers.base_scraper | Fetched https://books.toscrape.com/catalogue/finding-god-in-the-ruins-how-god-redeems-pain_466/index.html
2026-10-06 22:32:22,581 | INFO    | scrapers.base_scraper | Fetched https://books.toscrape.com/catalogue/every-heart-a-doorway-every-heart-a-doorway-1_465/index.html
2026-10-06 22:32:23,474 | INFO    | scrapers.base_scraper | Fetched https://books.toscrape.com/catalogue/delivering-the-truth-quaker-midwife-mystery-1_464/index.html
2026-10-06 22:32:24,412 | INFO    | scrapers.base_scraper | Fetched https://books.toscrape.com/catalogue/counted-with-the-stars-out-from-egypt-1_463/index.html
2026-10-06 22:32:25,517 | INFO    | scrapers.base_scraper | Fetched https://books.toscrape.com/catalogue/chronicles-vol-1_462/index.html
2026-10-06 22:32:26,457 | INFO    | scrapers.base_scraper | Fetched https://books.toscrape.com/catalogue/blue-like-jazz-nonreligious-thoughts-on-christian-spirituality_461/index.html
2026-10-06 22:32:26,976 | INFO    | scrapers.base_scraper | Page 28: https://books.toscrape.com/catalogue/page-28.html
2026-10-06 22:32:27,605 | INFO    | scrapers.base_scraper | Fetched https://books.toscrape.com/catalogue/page-28.html
2026-10-06 22:32:28,709 | INFO    | scrapers.base_scraper | Fetched https://books.toscrape.com/catalogue/benjamin-franklin-an-american-life_460/index.html
2026-10-06 22:32:29,656 | INFO    | scrapers.base_scraper | Fetched https://books.toscrape.com/catalogue/at-the-existentialist-cafe-freedom-being-and-apricot-cocktails-with-jean-paul-sartre-simone-de-beauvoir-albert-camus-martin-heidegger-edmund-husserl-karl-jaspers-maurice-merleau-ponty-and-others_459/index.html
2026-10-06 22:32:30,495 | INFO    | scrapers.base_scraper | Fetched https://books.toscrape.com/catalogue/a-summer-in-europe_458/index.html
2026-10-06 22:32:31,343 | INFO    | scrapers.base_scraper | Fetched https://books.toscrape.com/catalogue/a-short-history-of-nearly-everything_457/index.html
2026-10-06 22:32:32,180 | INFO    | scrapers.base_scraper | Fetched https://books.toscrape.com/catalogue/a-gathering-of-shadows-shades-of-magic-2_456/index.html
2026-10-06 22:32:33,060 | INFO    | scrapers.base_scraper | Fetched https://books.toscrape.com/catalogue/the-sound-of-love_455/index.html
2026-10-06 22:32:33,912 | INFO    | scrapers.base_scraper | Fetched https://books.toscrape.com/catalogue/the-rise-and-fall-of-the-third-reich-a-history-of-nazi-germany_454/index.html
2026-10-06 22:32:34,761 | INFO    | scrapers.base_scraper | Fetched https://books.toscrape.com/catalogue/the-perks-of-being-a-wallflower_453/index.html
2026-10-06 22:32:35,599 | INFO    | scrapers.base_scraper | Fetched https://books.toscrape.com/catalogue/the-mysterious-affair-at-styles-hercule-poirot-1_452/index.html
2026-10-06 22:32:36,492 | INFO    | scrapers.base_scraper | Fetched https://books.toscrape.com/catalogue/the-man-who-mistook-his-wife-for-a-hat-and-other-clinical-tales_451/index.html
2026-10-06 22:32:37,394 | INFO    | scrapers.base_scraper | Fetched https://books.toscrape.com/catalogue/the-makings-of-a-fatherless-child_450/index.html
2026-10-06 22:32:38,244 | INFO    | scrapers.base_scraper | Fetched https://books.toscrape.com/catalogue/the-joy-of-cooking_449/index.html
2026-10-06 22:32:39,096 | INFO    | scrapers.base_scraper | Fetched https://books.toscrape.com/catalogue/the-invention-of-wings_448/index.html
2026-10-06 22:32:39,926 | INFO    | scrapers.base_scraper | Fetched https://books.toscrape.com/catalogue/the-hobbit-middle-earth-universe_447/index.html
2026-10-06 22:32:40,792 | INFO    | scrapers.base_scraper | Fetched https://books.toscrape.com/catalogue/the-great-railway-bazaar_446/index.html
2026-10-06 22:32:41,642 | INFO    | scrapers.base_scraper | Fetched https://books.toscrape.com/catalogue/the-golden-compass-his-dark-materials-1_445/index.html
2026-10-06 22:32:42,496 | INFO    | scrapers.base_scraper | Fetched https://books.toscrape.com/catalogue/the-god-delusion_444/index.html
2026-10-06 22:32:43,406 | INFO    | scrapers.base_scraper | Fetched https://books.toscrape.com/catalogue/the-girl-you-left-behind-the-girl-you-left-behind-1_443/index.html
2026-10-06 22:32:44,375 | INFO    | scrapers.base_scraper | Fetched https://books.toscrape.com/catalogue/the-fellowship-of-the-ring-the-lord-of-the-rings-1_442/index.html
2026-10-06 22:32:45,518 | INFO    | scrapers.base_scraper | Fetched https://books.toscrape.com/catalogue/the-collected-poems-of-wb-yeats-the-collected-works-of-wb-yeats-1_441/index.html
2026-10-06 22:32:46,029 | INFO    | scrapers.base_scraper | Page 29: https://books.toscrape.com/catalogue/page-29.html
2026-10-06 22:32:46,939 | INFO    | scrapers.base_scraper | Fetched https://books.toscrape.com/catalogue/page-29.html
2026-10-06 22:32:47,924 | INFO    | scrapers.base_scraper | Fetched https://books.toscrape.com/catalogue/the-barefoot-contessa-cookbook_440/index.html
2026-10-06 22:32:48,857 | INFO    | scrapers.base_scraper | Fetched https://books.toscrape.com/catalogue/tell-the-wolves-im-home_439/index.html
2026-10-06 22:32:49,821 | INFO    | scrapers.base_scraper | Fetched https://books.toscrape.com/catalogue/ship-leaves-harbor-essays-on-travel-by-a-recovering-journeyman_438/index.html
2026-10-06 22:32:50,774 | INFO    | scrapers.base_scraper | Fetched https://books.toscrape.com/catalogue/pride-and-prejudice_437/index.html
2026-10-06 22:32:52,027 | INFO    | scrapers.base_scraper | Fetched https://books.toscrape.com/catalogue/musicophilia-tales-of-music-and-the-brain_436/index.html
2026-10-06 22:32:53,006 | INFO    | scrapers.base_scraper | Fetched https://books.toscrape.com/catalogue/mere-christianity_435/index.html
2026-10-06 22:32:53,973 | INFO    | scrapers.base_scraper | Fetched https://books.toscrape.com/catalogue/me-before-you-me-before-you-1_434/index.html
2026-10-06 22:32:55,228 | INFO    | scrapers.base_scraper | Fetched https://books.toscrape.com/catalogue/in-the-woods-dublin-murder-squad-1_433/index.html
2026-10-06 22:32:56,207 | INFO    | scrapers.base_scraper | Fetched https://books.toscrape.com/catalogue/in-cold-blood_432/index.html
2026-10-06 22:32:57,484 | INFO    | scrapers.base_scraper | Fetched https://books.toscrape.com/catalogue/how-to-stop-worrying-and-start-living_431/index.html
2026-10-06 22:32:58,747 | INFO    | scrapers.base_scraper | Fetched https://books.toscrape.com/catalogue/give-it-back_430/index.html
2026-10-06 22:32:59,881 | INFO    | scrapers.base_scraper | Fetched https://books.toscrape.com/catalogue/girl-interrupted_429/index.html
2026-10-06 22:33:00,726 | INFO    | scrapers.base_scraper | Fetched https://books.toscrape.com/catalogue/fun-home-a-family-tragicomic_428/index.html
2026-10-06 22:33:01,676 | INFO    | scrapers.base_scraper | Fetched https://books.toscrape.com/catalogue/fruits-basket-vol-6-fruits-basket-6_427/index.html
2026-10-06 22:33:02,926 | INFO    | scrapers.base_scraper | Fetched https://books.toscrape.com/catalogue/deception-point_426/index.html
2026-10-06 22:33:03,744 | INFO    | scrapers.base_scraper | Fetched https://books.toscrape.com/catalogue/death-note-vol-6-give-and-take-death-note-6_425/index.html
2026-10-06 22:33:04,886 | INFO    | scrapers.base_scraper | Fetched https://books.toscrape.com/catalogue/catherine-the-great-portrait-of-a-woman_424/index.html
2026-10-06 22:33:05,823 | INFO    | scrapers.base_scraper | Fetched https://books.toscrape.com/catalogue/better-homes-and-gardens-new-cook-book_423/index.html
2026-10-06 22:33:06,789 | INFO    | scrapers.base_scraper | Fetched https://books.toscrape.com/catalogue/an-unquiet-mind-a-memoir-of-moods-and-madness_422/index.html
2026-10-06 22:33:07,645 | INFO    | scrapers.base_scraper | Fetched https://books.toscrape.com/catalogue/a-year-in-provence-provence-1_421/index.html
2026-10-06 22:33:08,160 | INFO    | scrapers.base_scraper | Page 30: https://books.toscrape.com/catalogue/page-30.html
2026-10-06 22:33:09,013 | INFO    | scrapers.base_scraper | Fetched https://books.toscrape.com/catalogue/page-30.html
2026-10-06 22:33:10,004 | INFO    | scrapers.base_scraper | Fetched https://books.toscrape.com/catalogue/world-without-end-the-pillars-of-the-earth-2_420/index.html
2026-10-06 22:33:10,844 | INFO    | scrapers.base_scraper | Fetched https://books.toscrape.com/catalogue/will-grayson-will-grayson-will-grayson-will-grayson_419/index.html
2026-10-06 22:33:11,982 | INFO    | scrapers.base_scraper | Fetched https://books.toscrape.com/catalogue/why-save-the-bankers-and-other-essays-on-our-economic-and-political-crisis_418/index.html
2026-10-06 22:33:12,892 | INFO    | scrapers.base_scraper | Fetched https://books.toscrape.com/catalogue/where-she-went-if-i-stay-2_417/index.html
2026-10-06 22:33:14,128 | INFO    | scrapers.base_scraper | Fetched https://books.toscrape.com/catalogue/what-if-serious-scientific-answers-to-absurd-hypothetical-questions_416/index.html
2026-10-06 22:33:15,105 | INFO    | scrapers.base_scraper | Fetched https://books.toscrape.com/catalogue/two-summers_415/index.html
2026-10-06 22:33:16,989 | INFO    | scrapers.base_scraper | Fetched https://books.toscrape.com/catalogue/this-is-your-brain-on-music-the-science-of-a-human-obsession_414/index.html
2026-10-06 22:33:18,468 | INFO    | scrapers.base_scraper | Fetched https://books.toscrape.com/catalogue/the-secret-garden_413/index.html
2026-10-06 22:33:19,888 | INFO    | scrapers.base_scraper | Fetched https://books.toscrape.com/catalogue/the-raven-king-the-raven-cycle-4_412/index.html
2026-10-06 22:33:21,177 | INFO    | scrapers.base_scraper | Fetched https://books.toscrape.com/catalogue/the-raven-boys-the-raven-cycle-1_411/index.html
2026-10-06 22:33:22,446 | INFO    | scrapers.base_scraper | Fetched https://books.toscrape.com/catalogue/the-power-greens-cookbook-140-delicious-superfood-recipes_410/index.html
2026-10-06 22:33:24,693 | INFO    | scrapers.base_scraper | Fetched https://books.toscrape.com/catalogue/the-metamorphosis_409/index.html
2026-10-06 22:33:25,686 | INFO    | scrapers.base_scraper | Fetched https://books.toscrape.com/catalogue/the-mathews-men-seven-brothers-and-the-war-against-hitlers-u-boats_408/index.html
2026-10-06 22:33:26,509 | INFO    | scrapers.base_scraper | Fetched https://books.toscrape.com/catalogue/the-little-paris-bookshop_407/index.html
2026-10-06 22:33:27,581 | INFO    | scrapers.base_scraper | Fetched https://books.toscrape.com/catalogue/the-hiding-place_406/index.html
2026-10-06 22:33:28,426 | INFO    | scrapers.base_scraper | Fetched https://books.toscrape.com/catalogue/the-grand-design_405/index.html
2026-10-06 22:33:29,504 | INFO    | scrapers.base_scraper | Fetched https://books.toscrape.com/catalogue/the-firm_404/index.html
2026-10-06 22:33:30,345 | INFO    | scrapers.base_scraper | Fetched https://books.toscrape.com/catalogue/the-fault-in-our-stars_403/index.html
2026-10-06 22:33:31,482 | INFO    | scrapers.base_scraper | Fetched https://books.toscrape.com/catalogue/the-false-prince-the-ascendance-trilogy-1_402/index.html
2026-10-06 22:33:32,678 | INFO    | scrapers.base_scraper | Fetched https://books.toscrape.com/catalogue/the-expatriates_401/index.html
2026-10-06 22:33:33,188 | INFO    | scrapers.base_scraper | Page 31: https://books.toscrape.com/catalogue/page-31.html
2026-10-06 22:33:33,974 | INFO    | scrapers.base_scraper | Fetched https://books.toscrape.com/catalogue/page-31.html
2026-10-06 22:33:35,988 | INFO    | scrapers.base_scraper | Fetched https://books.toscrape.com/catalogue/the-dream-thieves-the-raven-cycle-2_400/index.html
2026-10-06 22:33:37,171 | INFO    | scrapers.base_scraper | Fetched https://books.toscrape.com/catalogue/the-darkest-corners_399/index.html
2026-10-06 22:33:38,296 | INFO    | scrapers.base_scraper | Fetched https://books.toscrape.com/catalogue/the-crossover_398/index.html
2026-10-06 22:33:39,423 | INFO    | scrapers.base_scraper | Fetched https://books.toscrape.com/catalogue/the-5th-wave-the-5th-wave-1_397/index.html
2026-10-06 22:33:40,564 | INFO    | scrapers.base_scraper | Fetched https://books.toscrape.com/catalogue/tell-the-wind-and-fire_396/index.html
2026-10-06 22:33:42,005 | INFO    | scrapers.base_scraper | Fetched https://books.toscrape.com/catalogue/tell-me-three-things_395/index.html
2026-10-06 22:33:43,344 | INFO    | scrapers.base_scraper | Fetched https://books.toscrape.com/catalogue/talking-to-girls-about-duran-duran-one-young-mans-quest-for-true-love-and-a-cooler-haircut_394/index.html
2026-10-06 22:33:46,215 | INFO    | scrapers.base_scraper | Fetched https://books.toscrape.com/catalogue/siddhartha_393/index.html
2026-10-06 22:33:48,043 | INFO    | scrapers.base_scraper | Fetched https://books.toscrape.com/catalogue/shiver-the-wolves-of-mercy-falls-1_392/index.html
2026-10-06 22:33:50,019 | INFO    | scrapers.base_scraper | Fetched https://books.toscrape.com/catalogue/remember-me_391/index.html
2026-10-06 22:33:52,257 | INFO    | scrapers.base_scraper | Fetched https://books.toscrape.com/catalogue/red-dragon-hannibal-lecter-1_390/index.html
2026-10-06 22:33:54,123 | INFO    | scrapers.base_scraper | Fetched https://books.toscrape.com/catalogue/peak-secrets-from-the-new-science-of-expertise_389/index.html
2026-10-06 22:33:56,475 | INFO    | scrapers.base_scraper | Fetched https://books.toscrape.com/catalogue/my-mother-was-nuts_388/index.html
2026-10-06 22:33:59,014 | INFO    | scrapers.base_scraper | Fetched https://books.toscrape.com/catalogue/mexican-today-new-and-rediscovered-recipes-for-contemporary-kitchens_387/index.html
2026-10-06 22:34:01,163 | INFO    | scrapers.base_scraper | Fetched https://books.toscrape.com/catalogue/maybe-something-beautiful-how-art-transformed-a-neighborhood_386/index.html
2026-10-06 22:34:04,755 | INFO    | scrapers.base_scraper | Fetched https://books.toscrape.com/catalogue/lola-and-the-boy-next-door-anna-and-the-french-kiss-2_385/index.html
2026-10-06 22:34:10,270 | INFO    | scrapers.base_scraper | Fetched https://books.toscrape.com/catalogue/logan-kade-fallen-crest-high-55_384/index.html
2026-10-06 22:34:11,721 | INFO    | scrapers.base_scraper | Fetched https://books.toscrape.com/catalogue/last-one-home-new-beginnings-1_383/index.html
2026-10-06 22:34:13,971 | INFO    | scrapers.base_scraper | Fetched https://books.toscrape.com/catalogue/killing-floor-jack-reacher-1_382/index.html
2026-10-06 22:34:15,292 | INFO    | scrapers.base_scraper | Fetched https://books.toscrape.com/catalogue/kill-the-boy-band_381/index.html
2026-10-06 22:34:15,807 | INFO    | scrapers.base_scraper | Page 32: https://books.toscrape.com/catalogue/page-32.html
2026-10-06 22:34:16,857 | INFO    | scrapers.base_scraper | Fetched https://books.toscrape.com/catalogue/page-32.html
2026-10-06 22:34:17,805 | INFO    | scrapers.base_scraper | Fetched https://books.toscrape.com/catalogue/isla-and-the-happily-ever-after-anna-and-the-french-kiss-3_380/index.html
2026-10-06 22:34:18,788 | INFO    | scrapers.base_scraper | Fetched https://books.toscrape.com/catalogue/if-i-stay-if-i-stay-1_379/index.html
2026-10-06 22:34:20,333 | INFO    | scrapers.base_scraper | Fetched https://books.toscrape.com/catalogue/i-know-why-the-caged-bird-sings-maya-angelous-autobiography-1_378/index.html
2026-10-06 22:34:21,194 | INFO    | scrapers.base_scraper | Fetched https://books.toscrape.com/catalogue/harry-potter-and-the-deathly-hallows-harry-potter-7_377/index.html
2026-10-06 22:34:22,510 | INFO    | scrapers.base_scraper | Fetched https://books.toscrape.com/catalogue/fruits-basket-vol-5-fruits-basket-5_376/index.html
2026-10-06 22:34:23,856 | INFO    | scrapers.base_scraper | Fetched https://books.toscrape.com/catalogue/foundation-foundation-publication-order-1_375/index.html
2026-10-06 22:34:25,531 | INFO    | scrapers.base_scraper | Fetched https://books.toscrape.com/catalogue/fool-me-once_374/index.html
2026-10-06 22:34:27,950 | INFO    | scrapers.base_scraper | Fetched https://books.toscrape.com/catalogue/find-her-detective-dd-warren-8_373/index.html
2026-10-06 22:34:29,419 | INFO    | scrapers.base_scraper | Fetched https://books.toscrape.com/catalogue/evicted-poverty-and-profit-in-the-american-city_372/index.html
2026-10-06 22:34:30,950 | INFO    | scrapers.base_scraper | Fetched https://books.toscrape.com/catalogue/drama_371/index.html
2026-10-06 22:34:33,928 | INFO    | scrapers.base_scraper | Fetched https://books.toscrape.com/catalogue/dracula-the-un-dead_370/index.html
2026-10-06 22:34:35,097 | INFO    | scrapers.base_scraper | Fetched https://books.toscrape.com/catalogue/digital-fortress_369/index.html
2026-10-06 22:34:36,357 | INFO    | scrapers.base_scraper | Fetched https://books.toscrape.com/catalogue/death-note-vol-5-whiteout-death-note-5_368/index.html
2026-10-06 22:34:37,656 | INFO    | scrapers.base_scraper | Fetched https://books.toscrape.com/catalogue/data-a-love-story-how-i-gamed-online-dating-to-meet-my-match_367/index.html
2026-10-06 22:34:38,930 | INFO    | scrapers.base_scraper | Fetched https://books.toscrape.com/catalogue/critique-of-pure-reason_366/index.html
2026-10-06 22:34:40,209 | INFO    | scrapers.base_scraper | Fetched https://books.toscrape.com/catalogue/booked_365/index.html
2026-10-06 22:34:41,927 | INFO    | scrapers.base_scraper | Fetched https://books.toscrape.com/catalogue/blue-lily-lily-blue-the-raven-cycle-3_364/index.html
2026-10-06 22:34:43,075 | INFO    | scrapers.base_scraper | Fetched https://books.toscrape.com/catalogue/approval-junkie-adventures-in-caring-too-much_363/index.html
2026-10-06 22:34:44,233 | INFO    | scrapers.base_scraper | Fetched https://books.toscrape.com/catalogue/an-abundance-of-katherines_362/index.html
2026-10-06 22:34:45,666 | INFO    | scrapers.base_scraper | Fetched https://books.toscrape.com/catalogue/americas-war-for-the-greater-middle-east-a-military-history_361/index.html
2026-10-06 22:34:46,171 | INFO    | scrapers.base_scraper | Page 33: https://books.toscrape.com/catalogue/page-33.html
2026-10-06 22:34:46,992 | INFO    | scrapers.base_scraper | Fetched https://books.toscrape.com/catalogue/page-33.html
2026-10-06 22:34:47,893 | INFO    | scrapers.base_scraper | Fetched https://books.toscrape.com/catalogue/alight-the-generations-trilogy-2_360/index.html
2026-10-06 22:34:49,496 | INFO    | scrapers.base_scraper | Fetched https://books.toscrape.com/catalogue/a-girls-guide-to-moving-on-new-beginnings-2_359/index.html
2026-10-06 22:34:50,357 | INFO    | scrapers.base_scraper | Fetched https://books.toscrape.com/catalogue/a-game-of-thrones-a-song-of-ice-and-fire-1_358/index.html
2026-10-06 22:34:51,421 | INFO    | scrapers.base_scraper | Fetched https://books.toscrape.com/catalogue/a-feast-for-crows-a-song-of-ice-and-fire-4_357/index.html
2026-10-06 22:34:52,395 | INFO    | scrapers.base_scraper | Fetched https://books.toscrape.com/catalogue/a-clash-of-kings-a-song-of-ice-and-fire-2_356/index.html
2026-10-06 22:34:53,257 | INFO    | scrapers.base_scraper | Fetched https://books.toscrape.com/catalogue/vogue-colors-a-to-z-a-fashion-coloring-book_355/index.html
2026-10-06 22:34:54,219 | INFO    | scrapers.base_scraper | Fetched https://books.toscrape.com/catalogue/the-shining-the-shining-1_354/index.html
2026-10-06 22:34:55,081 | INFO    | scrapers.base_scraper | Fetched https://books.toscrape.com/catalogue/the-pilgrims-progress_353/index.html
2026-10-06 22:34:56,213 | INFO    | scrapers.base_scraper | Fetched https://books.toscrape.com/catalogue/the-perfect-play-play-by-play-1_352/index.html
2026-10-06 22:34:57,186 | INFO    | scrapers.base_scraper | Fetched https://books.toscrape.com/catalogue/the-passion-of-dolssa_351/index.html
2026-10-06 22:34:58,044 | INFO    | scrapers.base_scraper | Fetched https://books.toscrape.com/catalogue/the-jazz-of-physics-the-secret-link-between-music-and-the-structure-of-the-universe_350/index.html
2026-10-06 22:34:59,096 | INFO    | scrapers.base_scraper | Fetched https://books.toscrape.com/catalogue/the-hunger-games-the-hunger-games-1_349/index.html
2026-10-06 22:35:00,245 | INFO    | scrapers.base_scraper | Fetched https://books.toscrape.com/catalogue/the-hound-of-the-baskervilles-sherlock-holmes-5_348/index.html
2026-10-06 22:35:01,207 | INFO    | scrapers.base_scraper | Fetched https://books.toscrape.com/catalogue/the-gunning-of-america-business-and-the-making-of-american-gun-culture_347/index.html
2026-10-06 22:35:02,604 | INFO    | scrapers.base_scraper | Fetched https://books.toscrape.com/catalogue/the-geography-of-bliss-one-grumps-search-for-the-happiest-places-in-the-world_346/index.html
2026-10-06 22:35:04,601 | INFO    | scrapers.base_scraper | Fetched https://books.toscrape.com/catalogue/the-demonists-demonist-1_345/index.html
2026-10-06 22:35:05,584 | INFO    | scrapers.base_scraper | Fetched https://books.toscrape.com/catalogue/the-demon-prince-of-momochi-house-vol-4-the-demon-prince-of-momochi-house-4_344/index.html
2026-10-06 22:35:06,518 | INFO    | scrapers.base_scraper | Fetched https://books.toscrape.com/catalogue/the-bone-hunters-lexy-vaughan-steven-macaulay-2_343/index.html
2026-10-06 22:35:07,411 | INFO    | scrapers.base_scraper | Fetched https://books.toscrape.com/catalogue/the-beast-black-dagger-brotherhood-14_342/index.html
2026-10-06 22:35:08,368 | INFO    | scrapers.base_scraper | Fetched https://books.toscrape.com/catalogue/some-women_341/index.html
2026-10-06 22:35:08,889 | INFO    | scrapers.base_scraper | Page 34: https://books.toscrape.com/catalogue/page-34.html
2026-10-06 22:35:09,547 | INFO    | scrapers.base_scraper | Fetched https://books.toscrape.com/catalogue/page-34.html
2026-10-06 22:35:10,611 | INFO    | scrapers.base_scraper | Fetched https://books.toscrape.com/catalogue/shopaholic-ties-the-knot-shopaholic-3_340/index.html
2026-10-06 22:35:11,585 | INFO    | scrapers.base_scraper | Fetched https://books.toscrape.com/catalogue/paper-and-fire-the-great-library-2_339/index.html
2026-10-06 22:35:12,539 | INFO    | scrapers.base_scraper | Fetched https://books.toscrape.com/catalogue/outlander-outlander-1_338/index.html
2026-10-06 22:35:13,807 | INFO    | scrapers.base_scraper | Fetched https://books.toscrape.com/catalogue/orchestra-of-exiles-the-story-of-bronislaw-huberman-the-israel-philharmonic-and-the-one-thousand-jews-he-saved-from-nazi-horrors_337/index.html
2026-10-06 22:35:14,771 | INFO    | scrapers.base_scraper | Fetched https://books.toscrape.com/catalogue/no-one-here-gets-out-alive_336/index.html
2026-10-06 22:35:15,672 | INFO    | scrapers.base_scraper | Fetched https://books.toscrape.com/catalogue/night-shift-night-shift-1-20_335/index.html
2026-10-06 22:35:16,700 | INFO    | scrapers.base_scraper | Fetched https://books.toscrape.com/catalogue/needful-things_334/index.html
2026-10-06 22:35:17,539 | INFO    | scrapers.base_scraper | Fetched https://books.toscrape.com/catalogue/mockingjay-the-hunger-games-3_333/index.html
2026-10-06 22:35:18,382 | INFO    | scrapers.base_scraper | Fetched https://books.toscrape.com/catalogue/misery_332/index.html
2026-10-06 22:35:19,255 | INFO    | scrapers.base_scraper | Fetched https://books.toscrape.com/catalogue/little-women-little-women-1_331/index.html
2026-10-06 22:35:20,218 | INFO    | scrapers.base_scraper | Fetched https://books.toscrape.com/catalogue/it_330/index.html
2026-10-06 22:35:21,170 | INFO    | scrapers.base_scraper | Fetched https://books.toscrape.com/catalogue/harry-potter-and-the-sorcerers-stone-harry-potter-1_329/index.html
2026-10-06 22:35:22,137 | INFO    | scrapers.base_scraper | Fetched https://books.toscrape.com/catalogue/harry-potter-and-the-prisoner-of-azkaban-harry-potter-3_328/index.html
2026-10-06 22:35:23,105 | INFO    | scrapers.base_scraper | Fetched https://books.toscrape.com/catalogue/harry-potter-and-the-order-of-the-phoenix-harry-potter-5_327/index.html
2026-10-06 22:35:24,069 | INFO    | scrapers.base_scraper | Fetched https://books.toscrape.com/catalogue/harry-potter-and-the-half-blood-prince-harry-potter-6_326/index.html
2026-10-06 22:35:25,325 | INFO    | scrapers.base_scraper | Fetched https://books.toscrape.com/catalogue/harry-potter-and-the-chamber-of-secrets-harry-potter-2_325/index.html
2026-10-06 22:35:26,302 | INFO    | scrapers.base_scraper | Fetched https://books.toscrape.com/catalogue/gone-with-the-wind_324/index.html
2026-10-06 22:35:27,494 | INFO    | scrapers.base_scraper | Fetched https://books.toscrape.com/catalogue/god-is-not-great-how-religion-poisons-everything_323/index.html
2026-10-06 22:35:28,549 | INFO    | scrapers.base_scraper | Fetched https://books.toscrape.com/catalogue/girl-with-a-pearl-earring_322/index.html
2026-10-06 22:35:29,646 | INFO    | scrapers.base_scraper | Fetched https://books.toscrape.com/catalogue/fruits-basket-vol-4-fruits-basket-4_321/index.html
2026-10-06 22:35:30,153 | INFO    | scrapers.base_scraper | Page 35: https://books.toscrape.com/catalogue/page-35.html
2026-10-06 22:35:32,063 | INFO    | scrapers.base_scraper | Fetched https://books.toscrape.com/catalogue/page-35.html
2026-10-06 22:35:33,018 | INFO    | scrapers.base_scraper | Fetched https://books.toscrape.com/catalogue/far-from-true-promise-falls-trilogy-2_320/index.html
2026-10-06 22:35:34,003 | INFO    | scrapers.base_scraper | Fetched https://books.toscrape.com/catalogue/dark-lover-black-dagger-brotherhood-1_319/index.html
2026-10-06 22:35:35,230 | INFO    | scrapers.base_scraper | Fetched https://books.toscrape.com/catalogue/confessions-of-a-shopaholic-shopaholic-1_318/index.html
2026-10-06 22:35:36,765 | INFO    | scrapers.base_scraper | Fetched https://books.toscrape.com/catalogue/changing-the-game-play-by-play-2_317/index.html
2026-10-06 22:35:38,765 | INFO    | scrapers.base_scraper | Fetched https://books.toscrape.com/catalogue/candide_316/index.html
2026-10-06 22:35:40,028 | INFO    | scrapers.base_scraper | Fetched https://books.toscrape.com/catalogue/can-you-keep-a-secret_315/index.html
2026-10-06 22:35:41,325 | INFO    | scrapers.base_scraper | Fetched https://books.toscrape.com/catalogue/atlas-shrugged_314/index.html
2026-10-06 22:35:42,607 | INFO    | scrapers.base_scraper | Fetched https://books.toscrape.com/catalogue/animal-farm_313/index.html
2026-10-06 22:35:43,970 | INFO    | scrapers.base_scraper | Fetched https://books.toscrape.com/catalogue/a-walk-to-remember_312/index.html
2026-10-06 22:35:46,120 | INFO    | scrapers.base_scraper | Fetched https://books.toscrape.com/catalogue/a-new-earth-awakening-to-your-lifes-purpose_311/index.html
2026-10-06 22:35:47,199 | INFO    | scrapers.base_scraper | Fetched https://books.toscrape.com/catalogue/a-history-of-god-the-4000-year-quest-of-judaism-christianity-and-islam_310/index.html
2026-10-06 22:35:48,079 | INFO    | scrapers.base_scraper | Fetched https://books.toscrape.com/catalogue/salems-lot_309/index.html
2026-10-06 22:35:49,055 | INFO    | scrapers.base_scraper | Fetched https://books.toscrape.com/catalogue/zero-history-blue-ant-3_308/index.html
2026-10-06 22:35:49,981 | INFO    | scrapers.base_scraper | Fetched https://books.toscrape.com/catalogue/wuthering-heights_307/index.html
2026-10-06 22:35:50,955 | INFO    | scrapers.base_scraper | Fetched https://books.toscrape.com/catalogue/world-war-z-an-oral-history-of-the-zombie-war_306/index.html
2026-10-06 22:35:51,902 | INFO    | scrapers.base_scraper | Fetched https://books.toscrape.com/catalogue/wild-from-lost-to-found-on-the-pacific-crest-trail_305/index.html
2026-10-06 22:35:52,753 | INFO    | scrapers.base_scraper | Fetched https://books.toscrape.com/catalogue/whered-you-go-bernadette_304/index.html
2026-10-06 22:35:53,591 | INFO    | scrapers.base_scraper | Fetched https://books.toscrape.com/catalogue/when-you-are-engulfed-in-flames_303/index.html
2026-10-06 22:35:54,472 | INFO    | scrapers.base_scraper | Fetched https://books.toscrape.com/catalogue/we-the-people-the-modern-day-figures-who-have-reshaped-and-affirmed-the-founding-fathers-vision-of-america_302/index.html
2026-10-06 22:35:55,329 | INFO    | scrapers.base_scraper | Fetched https://books.toscrape.com/catalogue/we-are-all-completely-beside-ourselves_301/index.html
2026-10-06 22:35:55,856 | INFO    | scrapers.base_scraper | Page 36: https://books.toscrape.com/catalogue/page-36.html
2026-10-06 22:35:56,660 | INFO    | scrapers.base_scraper | Fetched https://books.toscrape.com/catalogue/page-36.html
2026-10-06 22:35:57,507 | INFO    | scrapers.base_scraper | Fetched https://books.toscrape.com/catalogue/walk-the-edge-thunder-road-2_300/index.html
2026-10-06 22:35:58,377 | INFO    | scrapers.base_scraper | Fetched https://books.toscrape.com/catalogue/voyager-outlander-3_299/index.html
2026-10-06 22:35:59,256 | INFO    | scrapers.base_scraper | Fetched https://books.toscrape.com/catalogue/very-good-lives-the-fringe-benefits-of-failure-and-the-importance-of-imagination_298/index.html
2026-10-06 22:36:00,124 | INFO    | scrapers.base_scraper | Fetched https://books.toscrape.com/catalogue/vegan-vegetarian-omnivore-dinner-for-everyone-at-the-table_297/index.html
2026-10-06 22:36:01,245 | INFO    | scrapers.base_scraper | Fetched https://books.toscrape.com/catalogue/unstuffed-decluttering-your-home-mind-and-soul_296/index.html
2026-10-06 22:36:02,121 | INFO    | scrapers.base_scraper | Fetched https://books.toscrape.com/catalogue/under-the-banner-of-heaven-a-story-of-violent-faith_295/index.html
2026-10-06 22:36:04,116 | INFO    | scrapers.base_scraper | Fetched https://books.toscrape.com/catalogue/two-boys-kissing_294/index.html
2026-10-06 22:36:05,005 | INFO    | scrapers.base_scraper | Fetched https://books.toscrape.com/catalogue/twilight-twilight-1_293/index.html
2026-10-06 22:36:05,856 | INFO    | scrapers.base_scraper | Fetched https://books.toscrape.com/catalogue/twenties-girl_292/index.html
2026-10-06 22:36:07,408 | INFO    | scrapers.base_scraper | Fetched https://books.toscrape.com/catalogue/trespassing-across-america-one-mans-epic-never-done-before-and-sort-of-illegal-hike-across-the-heartland_291/index.html
2026-10-06 22:36:08,963 | INFO    | scrapers.base_scraper | Fetched https://books.toscrape.com/catalogue/three-martini-lunch_290/index.html
2026-10-06 22:36:10,531 | INFO    | scrapers.base_scraper | Fetched https://books.toscrape.com/catalogue/thinking-fast-and-slow_289/index.html
2026-10-06 22:36:11,405 | INFO    | scrapers.base_scraper | Fetched https://books.toscrape.com/catalogue/the-wild-robot_288/index.html
2026-10-06 22:36:12,564 | INFO    | scrapers.base_scraper | Fetched https://books.toscrape.com/catalogue/the-wicked-the-divine-vol-3-commercial-suicide-the-wicked-the-divine_287/index.html
2026-10-06 22:36:13,616 | INFO    | scrapers.base_scraper | Fetched https://books.toscrape.com/catalogue/the-undomestic-goddess_286/index.html
2026-10-06 22:36:15,420 | INFO    | scrapers.base_scraper | Fetched https://books.toscrape.com/catalogue/the-travelers_285/index.html
2026-10-06 22:36:16,336 | INFO    | scrapers.base_scraper | Fetched https://books.toscrape.com/catalogue/the-tipping-point-how-little-things-can-make-a-big-difference_284/index.html
2026-10-06 22:36:18,060 | INFO    | scrapers.base_scraper | Fetched https://books.toscrape.com/catalogue/the-thing-about-jellyfish_283/index.html
2026-10-06 22:36:18,951 | INFO    | scrapers.base_scraper | Fetched https://books.toscrape.com/catalogue/the-stand_282/index.html
2026-10-06 22:36:20,945 | INFO    | scrapers.base_scraper | Fetched https://books.toscrape.com/catalogue/the-smitten-kitchen-cookbook_281/index.html
2026-10-06 22:36:21,451 | INFO    | scrapers.base_scraper | Page 37: https://books.toscrape.com/catalogue/page-37.html
2026-10-06 22:36:26,494 | INFO    | scrapers.base_scraper | Fetched https://books.toscrape.com/catalogue/page-37.html
2026-10-06 22:36:28,173 | INFO    | scrapers.base_scraper | Fetched https://books.toscrape.com/catalogue/the-silkworm-cormoran-strike-2_280/index.html
2026-10-06 22:36:32,353 | INFO    | scrapers.base_scraper | Fetched https://books.toscrape.com/catalogue/the-sandman-vol-3-dream-country-the-sandman-volumes-3_279/index.html
2026-10-06 22:36:34,140 | INFO    | scrapers.base_scraper | Fetched https://books.toscrape.com/catalogue/the-rose-the-dagger-the-wrath-and-the-dawn-2_278/index.html
2026-10-06 22:36:35,810 | INFO    | scrapers.base_scraper | Fetched https://books.toscrape.com/catalogue/the-road-to-little-dribbling-adventures-of-an-american-in-britain-notes-from-a-small-island-2_277/index.html
2026-10-06 22:36:36,688 | INFO    | scrapers.base_scraper | Fetched https://books.toscrape.com/catalogue/the-rise-of-theodore-roosevelt-theodore-roosevelt-1_276/index.html
2026-10-06 22:36:38,367 | INFO    | scrapers.base_scraper | Fetched https://books.toscrape.com/catalogue/the-restaurant-at-the-end-of-the-universe-hitchhikers-guide-to-the-galaxy-2_275/index.html
2026-10-06 22:36:39,258 | INFO    | scrapers.base_scraper | Fetched https://books.toscrape.com/catalogue/the-rest-is-noise-listening-to-the-twentieth-century_274/index.html
2026-10-06 22:36:40,377 | INFO    | scrapers.base_scraper | Fetched https://books.toscrape.com/catalogue/the-red-tent_273/index.html
2026-10-06 22:36:41,288 | INFO    | scrapers.base_scraper | Fetched https://books.toscrape.com/catalogue/the-purpose-driven-life-what-on-earth-am-i-here-for_272/index.html
2026-10-06 22:36:42,142 | INFO    | scrapers.base_scraper | Fetched https://books.toscrape.com/catalogue/the-purest-hook-second-circle-tattoos-3_271/index.html
2026-10-06 22:36:42,989 | INFO    | scrapers.base_scraper | Fetched https://books.toscrape.com/catalogue/the-picture-of-dorian-gray_270/index.html
2026-10-06 22:36:43,826 | INFO    | scrapers.base_scraper | Fetched https://books.toscrape.com/catalogue/the-paris-wife_269/index.html
2026-10-06 22:36:44,671 | INFO    | scrapers.base_scraper | Fetched https://books.toscrape.com/catalogue/the-obsession_268/index.html
2026-10-06 22:36:45,964 | INFO    | scrapers.base_scraper | Fetched https://books.toscrape.com/catalogue/the-nightingale_267/index.html
2026-10-06 22:36:46,850 | INFO    | scrapers.base_scraper | Fetched https://books.toscrape.com/catalogue/the-new-guy-and-other-senior-year-distractions_266/index.html
2026-10-06 22:36:47,705 | INFO    | scrapers.base_scraper | Fetched https://books.toscrape.com/catalogue/the-nanny-diaries-nanny-1_265/index.html
2026-10-06 22:36:48,853 | INFO    | scrapers.base_scraper | Fetched https://books.toscrape.com/catalogue/the-name-of-god-is-mercy_264/index.html
2026-10-06 22:36:49,697 | INFO    | scrapers.base_scraper | Fetched https://books.toscrape.com/catalogue/the-maze-runner-the-maze-runner-1_263/index.html
2026-10-06 22:36:50,525 | INFO    | scrapers.base_scraper | Fetched https://books.toscrape.com/catalogue/the-lovers-dictionary_262/index.html
2026-10-06 22:36:52,393 | INFO    | scrapers.base_scraper | Fetched https://books.toscrape.com/catalogue/the-lonely-ones_261/index.html
2026-10-06 22:36:52,907 | INFO    | scrapers.base_scraper | Page 38: https://books.toscrape.com/catalogue/page-38.html
2026-10-06 22:36:53,976 | INFO    | scrapers.base_scraper | Fetched https://books.toscrape.com/catalogue/page-38.html
2026-10-06 22:36:54,823 | INFO    | scrapers.base_scraper | Fetched https://books.toscrape.com/catalogue/the-lean-startup-how-todays-entrepreneurs-use-continuous-innovation-to-create-radically-successful-businesses_260/index.html
2026-10-06 22:36:56,510 | INFO    | scrapers.base_scraper | Fetched https://books.toscrape.com/catalogue/the-last-painting-of-sara-de-vos_259/index.html
2026-10-06 22:36:57,644 | INFO    | scrapers.base_scraper | Fetched https://books.toscrape.com/catalogue/the-land-of-10000-madonnas_258/index.html
2026-10-06 22:36:58,774 | INFO    | scrapers.base_scraper | Fetched https://books.toscrape.com/catalogue/the-infinities_257/index.html
2026-10-06 22:37:00,209 | INFO    | scrapers.base_scraper | Fetched https://books.toscrape.com/catalogue/the-husbands-secret_256/index.html
2026-10-06 22:37:01,336 | INFO    | scrapers.base_scraper | Fetched https://books.toscrape.com/catalogue/the-hitchhikers-guide-to-the-galaxy-hitchhikers-guide-to-the-galaxy-1_255/index.html
2026-10-06 22:37:02,197 | INFO    | scrapers.base_scraper | Fetched https://books.toscrape.com/catalogue/the-guns-of-august_254/index.html
2026-10-06 22:37:03,204 | INFO    | scrapers.base_scraper | Fetched https://books.toscrape.com/catalogue/the-guernsey-literary-and-potato-peel-pie-society_253/index.html
2026-10-06 22:37:04,054 | INFO    | scrapers.base_scraper | Fetched https://books.toscrape.com/catalogue/the-goldfinch_252/index.html
2026-10-06 22:37:05,578 | INFO    | scrapers.base_scraper | Fetched https://books.toscrape.com/catalogue/the-giver-the-giver-quartet-1_251/index.html
2026-10-06 22:37:06,439 | INFO    | scrapers.base_scraper | Fetched https://books.toscrape.com/catalogue/the-girl-with-all-the-gifts_250/index.html
2026-10-06 22:37:07,726 | INFO    | scrapers.base_scraper | Fetched https://books.toscrape.com/catalogue/the-girl-who-played-with-fire-millennium-trilogy-2_249/index.html
2026-10-06 22:37:08,973 | INFO    | scrapers.base_scraper | Fetched https://books.toscrape.com/catalogue/the-girl-who-kicked-the-hornets-nest-millennium-trilogy-3_248/index.html
2026-10-06 22:37:09,823 | INFO    | scrapers.base_scraper | Fetched https://books.toscrape.com/catalogue/the-exiled_247/index.html
2026-10-06 22:37:11,241 | INFO    | scrapers.base_scraper | Fetched https://books.toscrape.com/catalogue/the-end-of-faith-religion-terror-and-the-future-of-reason_246/index.html
2026-10-06 22:37:12,526 | INFO    | scrapers.base_scraper | Fetched https://books.toscrape.com/catalogue/the-elegant-universe-superstrings-hidden-dimensions-and-the-quest-for-the-ultimate-theory_245/index.html
2026-10-06 22:37:13,682 | INFO    | scrapers.base_scraper | Fetched https://books.toscrape.com/catalogue/the-disappearing-spoon-and-other-true-tales-of-madness-love-and-the-history-of-the-world-from-the-periodic-table-of-the-elements_244/index.html
2026-10-06 22:37:15,661 | INFO    | scrapers.base_scraper | Fetched https://books.toscrape.com/catalogue/the-devil-wears-prada-the-devil-wears-prada-1_243/index.html
2026-10-06 22:37:16,856 | INFO    | scrapers.base_scraper | Fetched https://books.toscrape.com/catalogue/the-demon-haunted-world-science-as-a-candle-in-the-dark_242/index.html
2026-10-06 22:37:18,051 | INFO    | scrapers.base_scraper | Fetched https://books.toscrape.com/catalogue/the-day-the-crayons-came-home-crayons_241/index.html
2026-10-06 22:37:18,571 | INFO    | scrapers.base_scraper | Page 39: https://books.toscrape.com/catalogue/page-39.html
2026-10-06 22:37:19,229 | INFO    | scrapers.base_scraper | Fetched https://books.toscrape.com/catalogue/page-39.html
2026-10-06 22:37:20,088 | INFO    | scrapers.base_scraper | Fetched https://books.toscrape.com/catalogue/the-da-vinci-code-robert-langdon-2_240/index.html
2026-10-06 22:37:20,938 | INFO    | scrapers.base_scraper | Fetched https://books.toscrape.com/catalogue/the-cuckoos-calling-cormoran-strike-1_239/index.html
2026-10-06 22:37:21,770 | INFO    | scrapers.base_scraper | Fetched https://books.toscrape.com/catalogue/the-complete-stories-and-poems-the-works-of-edgar-allan-poe-cameo-edition_238/index.html
2026-10-06 22:37:25,144 | INFO    | scrapers.base_scraper | Fetched https://books.toscrape.com/catalogue/the-complete-poems_237/index.html
2026-10-06 22:37:26,293 | INFO    | scrapers.base_scraper | Fetched https://books.toscrape.com/catalogue/the-catcher-in-the-rye_236/index.html
2026-10-06 22:37:28,016 | INFO    | scrapers.base_scraper | Fetched https://books.toscrape.com/catalogue/the-cat-in-the-hat-beginner-books-b-1_235/index.html
2026-10-06 22:37:29,351 | INFO    | scrapers.base_scraper | Fetched https://books.toscrape.com/catalogue/the-case-for-christ-cases-for-christianity_234/index.html
2026-10-06 22:37:30,861 | INFO    | scrapers.base_scraper | Fetched https://books.toscrape.com/catalogue/the-book-thief_233/index.html
2026-10-06 22:37:33,025 | INFO    | scrapers.base_scraper | Fetched https://books.toscrape.com/catalogue/the-book-of-basketball-the-nba-according-to-the-sports-guy_232/index.html
2026-10-06 22:37:34,513 | INFO    | scrapers.base_scraper | Fetched https://books.toscrape.com/catalogue/the-blind-side-evolution-of-a-game_231/index.html
2026-10-06 22:37:35,530 | INFO    | scrapers.base_scraper | Fetched https://books.toscrape.com/catalogue/the-autobiography-of-malcolm-x_230/index.html
2026-10-06 22:37:36,752 | INFO    | scrapers.base_scraper | Fetched https://books.toscrape.com/catalogue/the-art-of-simple-food-notes-lessons-and-recipes-from-a-delicious-revolution_229/index.html
2026-10-06 22:37:38,663 | INFO    | scrapers.base_scraper | Fetched https://books.toscrape.com/catalogue/the-art-of-fielding_228/index.html
2026-10-06 22:37:40,215 | INFO    | scrapers.base_scraper | Fetched https://books.toscrape.com/catalogue/surely-youre-joking-mr-feynman-adventures-of-a-curious-character_227/index.html
2026-10-06 22:37:41,054 | INFO    | scrapers.base_scraper | Fetched https://books.toscrape.com/catalogue/stiff-the-curious-lives-of-human-cadavers_226/index.html
2026-10-06 22:37:42,614 | INFO    | scrapers.base_scraper | Fetched https://books.toscrape.com/catalogue/spilled-milk-based-on-a-true-story_225/index.html
2026-10-06 22:37:43,487 | INFO    | scrapers.base_scraper | Fetched https://books.toscrape.com/catalogue/something-borrowed-darcy-rachel-1_224/index.html
2026-10-06 22:37:44,533 | INFO    | scrapers.base_scraper | Fetched https://books.toscrape.com/catalogue/something-blue-darcy-rachel-2_223/index.html
2026-10-06 22:37:45,373 | INFO    | scrapers.base_scraper | Fetched https://books.toscrape.com/catalogue/soldier-talon-3_222/index.html
2026-10-06 22:37:46,449 | INFO    | scrapers.base_scraper | Fetched https://books.toscrape.com/catalogue/shopaholic-baby-shopaholic-5_221/index.html
2026-10-06 22:37:46,966 | INFO    | scrapers.base_scraper | Page 40: https://books.toscrape.com/catalogue/page-40.html
2026-10-06 22:37:47,612 | INFO    | scrapers.base_scraper | Fetched https://books.toscrape.com/catalogue/page-40.html
2026-10-06 22:37:48,469 | INFO    | scrapers.base_scraper | Fetched https://books.toscrape.com/catalogue/seven-days-in-the-art-world_220/index.html
2026-10-06 22:37:49,340 | INFO    | scrapers.base_scraper | Fetched https://books.toscrape.com/catalogue/seven-brief-lessons-on-physics_219/index.html
2026-10-06 22:37:50,203 | INFO    | scrapers.base_scraper | Fetched https://books.toscrape.com/catalogue/scarlet-the-lunar-chronicles-2_218/index.html
2026-10-06 22:37:51,263 | INFO    | scrapers.base_scraper | Fetched https://books.toscrape.com/catalogue/sarahs-key_217/index.html
2026-10-06 22:37:53,101 | INFO    | scrapers.base_scraper | Fetched https://books.toscrape.com/catalogue/saga-volume-3-saga-collected-editions-3_216/index.html
2026-10-06 22:37:54,224 | INFO    | scrapers.base_scraper | Fetched https://books.toscrape.com/catalogue/running-with-scissors_215/index.html
2026-10-06 22:37:55,649 | INFO    | scrapers.base_scraper | Fetched https://books.toscrape.com/catalogue/rogue-lawyer-rogue-lawyer-1_214/index.html
2026-10-06 22:37:56,815 | INFO    | scrapers.base_scraper | Fetched https://books.toscrape.com/catalogue/rise-of-the-rocket-girls-the-women-who-propelled-us-from-missiles-to-the-moon-to-mars_213/index.html
2026-10-06 22:37:57,961 | INFO    | scrapers.base_scraper | Fetched https://books.toscrape.com/catalogue/rework_212/index.html
2026-10-06 22:37:58,788 | INFO    | scrapers.base_scraper | Fetched https://books.toscrape.com/catalogue/reservations-for-two_211/index.html
2026-10-06 22:37:59,609 | INFO    | scrapers.base_scraper | Fetched https://books.toscrape.com/catalogue/red-the-true-story-of-red-riding-hood_210/index.html
2026-10-06 22:38:00,536 | INFO    | scrapers.base_scraper | Fetched https://books.toscrape.com/catalogue/ready-player-one_209/index.html
2026-10-06 22:38:01,486 | INFO    | scrapers.base_scraper | Fetched https://books.toscrape.com/catalogue/quiet-the-power-of-introverts-in-a-world-that-cant-stop-talking_208/index.html
2026-10-06 22:38:02,323 | INFO    | scrapers.base_scraper | Fetched https://books.toscrape.com/catalogue/prodigy-the-graphic-novel-legend-the-graphic-novel-2_207/index.html
2026-10-06 22:38:03,420 | INFO    | scrapers.base_scraper | Fetched https://books.toscrape.com/catalogue/persepolis-the-story-of-a-childhood-persepolis-1-2_206/index.html
2026-10-06 22:38:04,367 | INFO    | scrapers.base_scraper | Fetched https://books.toscrape.com/catalogue/packing-for-mars-the-curious-science-of-life-in-the-void_205/index.html
2026-10-06 22:38:05,333 | INFO    | scrapers.base_scraper | Fetched https://books.toscrape.com/catalogue/outliers-the-story-of-success_204/index.html
2026-10-06 22:38:06,171 | INFO    | scrapers.base_scraper | Fetched https://books.toscrape.com/catalogue/original-fake_203/index.html
2026-10-06 22:38:06,992 | INFO    | scrapers.base_scraper | Fetched https://books.toscrape.com/catalogue/orange-is-the-new-black_202/index.html
2026-10-06 22:38:07,854 | INFO    | scrapers.base_scraper | Fetched https://books.toscrape.com/catalogue/one-for-the-money-stephanie-plum-1_201/index.html
2026-10-06 22:38:08,357 | INFO    | scrapers.base_scraper | Page 41: https://books.toscrape.com/catalogue/page-41.html
2026-10-06 22:38:09,181 | INFO    | scrapers.base_scraper | Fetched https://books.toscrape.com/catalogue/page-41.html
2026-10-06 22:38:10,134 | INFO    | scrapers.base_scraper | Fetched https://books.toscrape.com/catalogue/notes-from-a-small-island-notes-from-a-small-island-1_200/index.html
2026-10-06 22:38:10,987 | INFO    | scrapers.base_scraper | Fetched https://books.toscrape.com/catalogue/night-the-night-trilogy-1_199/index.html
2026-10-06 22:38:11,822 | INFO    | scrapers.base_scraper | Fetched https://books.toscrape.com/catalogue/neither-here-nor-there-travels-in-europe_198/index.html
2026-10-06 22:38:12,691 | INFO    | scrapers.base_scraper | Fetched https://books.toscrape.com/catalogue/naked_197/index.html
2026-10-06 22:38:13,584 | INFO    | scrapers.base_scraper | Fetched https://books.toscrape.com/catalogue/morning-star-red-rising-3_196/index.html
2026-10-06 22:38:14,423 | INFO    | scrapers.base_scraper | Fetched https://books.toscrape.com/catalogue/miracles-from-heaven-a-little-girl-her-journey-to-heaven-and-her-amazing-story-of-healing_195/index.html
2026-10-06 22:38:15,393 | INFO    | scrapers.base_scraper | Fetched https://books.toscrape.com/catalogue/midnight-riot-peter-grant-rivers-of-london-books-1_194/index.html
2026-10-06 22:38:16,258 | INFO    | scrapers.base_scraper | Fetched https://books.toscrape.com/catalogue/me-talk-pretty-one-day_193/index.html
2026-10-06 22:38:17,184 | INFO    | scrapers.base_scraper | Fetched https://books.toscrape.com/catalogue/manuscript-found-in-accra_192/index.html
2026-10-06 22:38:18,123 | INFO    | scrapers.base_scraper | Fetched https://books.toscrape.com/catalogue/lust-wonder_191/index.html
2026-10-06 22:38:19,083 | INFO    | scrapers.base_scraper | Fetched https://books.toscrape.com/catalogue/lila-gilead-3_190/index.html
2026-10-06 22:38:20,693 | INFO    | scrapers.base_scraper | Fetched https://books.toscrape.com/catalogue/life-the-universe-and-everything-hitchhikers-guide-to-the-galaxy-3_189/index.html
2026-10-06 22:38:21,573 | INFO    | scrapers.base_scraper | Fetched https://books.toscrape.com/catalogue/life-without-a-recipe_188/index.html
2026-10-06 22:38:22,440 | INFO    | scrapers.base_scraper | Fetched https://books.toscrape.com/catalogue/life-after-life_187/index.html
2026-10-06 22:38:23,283 | INFO    | scrapers.base_scraper | Fetched https://books.toscrape.com/catalogue/letter-to-a-christian-nation_186/index.html
2026-10-06 22:38:24,219 | INFO    | scrapers.base_scraper | Fetched https://books.toscrape.com/catalogue/lets-pretend-this-never-happened-a-mostly-true-memoir_185/index.html
2026-10-06 22:38:25,054 | INFO    | scrapers.base_scraper | Fetched https://books.toscrape.com/catalogue/legend-legend-1_184/index.html
2026-10-06 22:38:25,892 | INFO    | scrapers.base_scraper | Fetched https://books.toscrape.com/catalogue/lean-in-women-work-and-the-will-to-lead_183/index.html
2026-10-06 22:38:26,802 | INFO    | scrapers.base_scraper | Fetched https://books.toscrape.com/catalogue/lamb-the-gospel-according-to-biff-christs-childhood-pal_182/index.html
2026-10-06 22:38:27,655 | INFO    | scrapers.base_scraper | Fetched https://books.toscrape.com/catalogue/lady-renegades-rebel-belle-3_181/index.html
2026-10-06 22:38:28,185 | INFO    | scrapers.base_scraper | Page 42: https://books.toscrape.com/catalogue/page-42.html
2026-10-06 22:38:29,004 | INFO    | scrapers.base_scraper | Fetched https://books.toscrape.com/catalogue/page-42.html
2026-10-06 22:38:29,969 | INFO    | scrapers.base_scraper | Fetched https://books.toscrape.com/catalogue/jurassic-park-jurassic-park-1_180/index.html
2026-10-06 22:38:31,902 | INFO    | scrapers.base_scraper | Fetched https://books.toscrape.com/catalogue/its-never-too-late-to-begin-again-discovering-creativity-and-meaning-at-midlife-and-beyond_179/index.html
2026-10-06 22:38:32,722 | INFO    | scrapers.base_scraper | Fetched https://books.toscrape.com/catalogue/is-everyone-hanging-out-without-me-and-other-concerns_178/index.html
2026-10-06 22:38:33,802 | INFO    | scrapers.base_scraper | Fetched https://books.toscrape.com/catalogue/into-the-wild_177/index.html
2026-10-06 22:38:34,664 | INFO    | scrapers.base_scraper | Fetched https://books.toscrape.com/catalogue/inferno-robert-langdon-4_176/index.html
2026-10-06 22:38:35,526 | INFO    | scrapers.base_scraper | Fetched https://books.toscrape.com/catalogue/in-the-garden-of-beasts-love-terror-and-an-american-family-in-hitlers-berlin_175/index.html
2026-10-06 22:38:37,330 | INFO    | scrapers.base_scraper | Fetched https://books.toscrape.com/catalogue/if-i-run-if-i-run-1_174/index.html
2026-10-06 22:38:38,197 | INFO    | scrapers.base_scraper | Fetched https://books.toscrape.com/catalogue/ive-got-your-number_173/index.html
2026-10-06 22:38:39,328 | INFO    | scrapers.base_scraper | Fetched https://books.toscrape.com/catalogue/i-am-malala-the-girl-who-stood-up-for-education-and-was-shot-by-the-taliban_172/index.html
2026-10-06 22:38:40,228 | INFO    | scrapers.base_scraper | Fetched https://books.toscrape.com/catalogue/hungry-girl-clean-hungry-easy-all-natural-recipes-for-healthy-eating-in-the-real-world_171/index.html
2026-10-06 22:38:42,165 | INFO    | scrapers.base_scraper | Fetched https://books.toscrape.com/catalogue/house-of-lost-worlds-dinosaurs-dynasties-and-the-story-of-life-on-earth_170/index.html
2026-10-06 22:38:43,488 | INFO    | scrapers.base_scraper | Fetched https://books.toscrape.com/catalogue/house-of-leaves_169/index.html
2026-10-06 22:38:46,334 | INFO    | scrapers.base_scraper | Fetched https://books.toscrape.com/catalogue/horrible-bear_168/index.html
2026-10-06 22:38:48,816 | INFO    | scrapers.base_scraper | Fetched https://books.toscrape.com/catalogue/holidays-on-ice_167/index.html
2026-10-06 22:38:50,242 | INFO    | scrapers.base_scraper | Fetched https://books.toscrape.com/catalogue/heir-to-the-sky_166/index.html
2026-10-06 22:38:52,589 | INFO    | scrapers.base_scraper | Fetched https://books.toscrape.com/catalogue/green-eggs-and-ham-beginner-books-b-16_165/index.html
2026-10-06 22:38:54,949 | INFO    | scrapers.base_scraper | Fetched https://books.toscrape.com/catalogue/grayson-vol-3-nemesis-grayson-3_164/index.html
2026-10-06 22:38:57,729 | INFO    | scrapers.base_scraper | Fetched https://books.toscrape.com/catalogue/gratitude_163/index.html
2026-10-06 22:39:04,370 | INFO    | scrapers.base_scraper | Fetched https://books.toscrape.com/catalogue/gone-girl_162/index.html
2026-10-06 22:39:06,409 | INFO    | scrapers.base_scraper | Fetched https://books.toscrape.com/catalogue/golden-heart-of-dread-3_161/index.html
2026-10-06 22:39:06,932 | INFO    | scrapers.base_scraper | Page 43: https://books.toscrape.com/catalogue/page-43.html
2026-10-06 22:39:08,269 | INFO    | scrapers.base_scraper | Fetched https://books.toscrape.com/catalogue/page-43.html
2026-10-06 22:39:09,216 | INFO    | scrapers.base_scraper | Fetched https://books.toscrape.com/catalogue/girl-in-the-blue-coat_160/index.html
2026-10-06 22:39:10,281 | INFO    | scrapers.base_scraper | Fetched https://books.toscrape.com/catalogue/fruits-basket-vol-3-fruits-basket-3_159/index.html
2026-10-06 22:39:19,631 | INFO    | scrapers.base_scraper | Fetched https://books.toscrape.com/catalogue/friday-night-lights-a-town-a-team-and-a-dream_158/index.html
2026-10-06 22:39:21,066 | INFO    | scrapers.base_scraper | Fetched https://books.toscrape.com/catalogue/fire-bound-sea-havensisters-of-the-heart-5_157/index.html
2026-10-06 22:39:22,595 | INFO    | scrapers.base_scraper | Fetched https://books.toscrape.com/catalogue/fifty-shades-freed-fifty-shades-3_156/index.html
2026-10-06 22:39:23,892 | INFO    | scrapers.base_scraper | Fetched https://books.toscrape.com/catalogue/fellside_155/index.html
2026-10-06 22:39:25,316 | INFO    | scrapers.base_scraper | Fetched https://books.toscrape.com/catalogue/extreme-prey-lucas-davenport-26_154/index.html
2026-10-06 22:39:26,186 | INFO    | scrapers.base_scraper | Fetched https://books.toscrape.com/catalogue/eragon-the-inheritance-cycle-1_153/index.html
2026-10-06 22:39:27,250 | INFO    | scrapers.base_scraper | Fetched https://books.toscrape.com/catalogue/eclipse-twilight-3_152/index.html
2026-10-06 22:39:28,103 | INFO    | scrapers.base_scraper | Fetched https://books.toscrape.com/catalogue/dune-dune-1_151/index.html
2026-10-06 22:39:29,166 | INFO    | scrapers.base_scraper | Fetched https://books.toscrape.com/catalogue/dracula_150/index.html
2026-10-06 22:39:30,022 | INFO    | scrapers.base_scraper | Fetched https://books.toscrape.com/catalogue/do-androids-dream-of-electric-sheep-blade-runner-1_149/index.html
2026-10-06 22:39:31,404 | INFO    | scrapers.base_scraper | Fetched https://books.toscrape.com/catalogue/disrupted-my-misadventure-in-the-start-up-bubble_148/index.html
2026-10-06 22:39:32,268 | INFO    | scrapers.base_scraper | Fetched https://books.toscrape.com/catalogue/dead-wake-the-last-crossing-of-the-lusitania_147/index.html
2026-10-06 22:39:33,330 | INFO    | scrapers.base_scraper | Fetched https://books.toscrape.com/catalogue/david-and-goliath-underdogs-misfits-and-the-art-of-battling-giants_146/index.html
2026-10-06 22:39:34,176 | INFO    | scrapers.base_scraper | Fetched https://books.toscrape.com/catalogue/darkfever-fever-1_145/index.html
2026-10-06 22:39:35,250 | INFO    | scrapers.base_scraper | Fetched https://books.toscrape.com/catalogue/dark-places_144/index.html
2026-10-06 22:39:37,483 | INFO    | scrapers.base_scraper | Fetched https://books.toscrape.com/catalogue/crazy-rich-asians-crazy-rich-asians-1_143/index.html
2026-10-06 22:39:39,733 | INFO    | scrapers.base_scraper | Fetched https://books.toscrape.com/catalogue/counting-thyme_142/index.html
2026-10-06 22:39:41,003 | INFO    | scrapers.base_scraper | Fetched https://books.toscrape.com/catalogue/cosmos_141/index.html
2026-10-06 22:39:41,515 | INFO    | scrapers.base_scraper | Page 44: https://books.toscrape.com/catalogue/page-44.html
2026-10-06 22:39:42,599 | INFO    | scrapers.base_scraper | Fetched https://books.toscrape.com/catalogue/page-44.html
2026-10-06 22:39:43,486 | INFO    | scrapers.base_scraper | Fetched https://books.toscrape.com/catalogue/civilization-and-its-discontents_140/index.html
2026-10-06 22:39:44,627 | INFO    | scrapers.base_scraper | Fetched https://books.toscrape.com/catalogue/cinder-the-lunar-chronicles-1_139/index.html
2026-10-06 22:39:45,858 | INFO    | scrapers.base_scraper | Fetched https://books.toscrape.com/catalogue/catastrophic-happiness-finding-joy-in-childhoods-messy-years_138/index.html
2026-10-06 22:39:46,719 | INFO    | scrapers.base_scraper | Fetched https://books.toscrape.com/catalogue/career-of-evil-cormoran-strike-3_137/index.html
2026-10-06 22:39:47,559 | INFO    | scrapers.base_scraper | Fetched https://books.toscrape.com/catalogue/breaking-dawn-twilight-4_136/index.html
2026-10-06 22:39:48,692 | INFO    | scrapers.base_scraper | Fetched https://books.toscrape.com/catalogue/brave-enough_135/index.html
2026-10-06 22:39:49,953 | INFO    | scrapers.base_scraper | Fetched https://books.toscrape.com/catalogue/boy-meets-boy_134/index.html
2026-10-06 22:39:50,850 | INFO    | scrapers.base_scraper | Fetched https://books.toscrape.com/catalogue/born-to-run-a-hidden-tribe-superathletes-and-the-greatest-race-the-world-has-never-seen_133/index.html
2026-10-06 22:39:53,831 | INFO    | scrapers.base_scraper | Fetched https://books.toscrape.com/catalogue/blink-the-power-of-thinking-without-thinking_132/index.html
2026-10-06 22:39:55,059 | INFO    | scrapers.base_scraper | Fetched https://books.toscrape.com/catalogue/black-flags-the-rise-of-isis_131/index.html
2026-10-06 22:39:57,110 | INFO    | scrapers.base_scraper | Fetched https://books.toscrape.com/catalogue/black-butler-vol-1-black-butler-1_130/index.html
2026-10-06 22:39:58,497 | INFO    | scrapers.base_scraper | Fetched https://books.toscrape.com/catalogue/big-little-lies_129/index.html
2026-10-06 22:39:59,881 | INFO    | scrapers.base_scraper | Fetched https://books.toscrape.com/catalogue/between-shades-of-gray_128/index.html
2026-10-06 22:40:00,720 | INFO    | scrapers.base_scraper | Fetched https://books.toscrape.com/catalogue/best-of-my-love-fools-gold-20_127/index.html
2026-10-06 22:40:01,830 | INFO    | scrapers.base_scraper | Fetched https://books.toscrape.com/catalogue/beowulf_126/index.html
2026-10-06 22:40:02,847 | INFO    | scrapers.base_scraper | Fetched https://books.toscrape.com/catalogue/beautiful-creatures-caster-chronicles-1_125/index.html
2026-10-06 22:40:05,923 | INFO    | scrapers.base_scraper | Fetched https://books.toscrape.com/catalogue/awkward_124/index.html
2026-10-06 22:40:07,236 | INFO    | scrapers.base_scraper | Fetched https://books.toscrape.com/catalogue/ash_123/index.html
2026-10-06 22:40:08,101 | INFO    | scrapers.base_scraper | Fetched https://books.toscrape.com/catalogue/are-we-there-yet_122/index.html
2026-10-06 22:40:09,486 | INFO    | scrapers.base_scraper | Fetched https://books.toscrape.com/catalogue/are-we-smart-enough-to-know-how-smart-animals-are_121/index.html
2026-10-06 22:40:10,008 | INFO    | scrapers.base_scraper | Page 45: https://books.toscrape.com/catalogue/page-45.html
2026-10-06 22:40:10,803 | INFO    | scrapers.base_scraper | Fetched https://books.toscrape.com/catalogue/page-45.html
2026-10-06 22:40:11,815 | INFO    | scrapers.base_scraper | Fetched https://books.toscrape.com/catalogue/annie-on-my-mind_120/index.html
2026-10-06 22:40:12,701 | INFO    | scrapers.base_scraper | Fetched https://books.toscrape.com/catalogue/and-then-there-were-none_119/index.html
2026-10-06 22:40:13,649 | INFO    | scrapers.base_scraper | Fetched https://books.toscrape.com/catalogue/a-walk-in-the-woods-rediscovering-america-on-the-appalachian-trail_118/index.html
2026-10-06 22:40:16,667 | INFO    | scrapers.base_scraper | Fetched https://books.toscrape.com/catalogue/a-visit-from-the-goon-squad_117/index.html
2026-10-06 22:40:18,794 | INFO    | scrapers.base_scraper | Fetched https://books.toscrape.com/catalogue/a-storm-of-swords-a-song-of-ice-and-fire-3_116/index.html
2026-10-06 22:40:19,829 | INFO    | scrapers.base_scraper | Fetched https://books.toscrape.com/catalogue/a-heartbreaking-work-of-staggering-genius_115/index.html
2026-10-06 22:40:20,689 | INFO    | scrapers.base_scraper | Fetched https://books.toscrape.com/catalogue/8-keys-to-mental-health-through-exercise_114/index.html
2026-10-06 22:40:21,639 | INFO    | scrapers.base_scraper | Fetched https://books.toscrape.com/catalogue/girlboss_113/index.html
2026-10-06 22:40:22,502 | INFO    | scrapers.base_scraper | Fetched https://books.toscrape.com/catalogue/the-suffragettes-little-black-classics-96_112/index.html
2026-10-06 22:40:24,259 | INFO    | scrapers.base_scraper | Fetched https://books.toscrape.com/catalogue/the-sense-of-an-ending_111/index.html
2026-10-06 22:40:25,101 | INFO    | scrapers.base_scraper | Fetched https://books.toscrape.com/catalogue/the-sandman-vol-2-the-dolls-house-the-sandman-volumes-2_110/index.html
2026-10-06 22:40:26,296 | INFO    | scrapers.base_scraper | Fetched https://books.toscrape.com/catalogue/the-course-of-love_109/index.html
2026-10-06 22:40:27,392 | INFO    | scrapers.base_scraper | Fetched https://books.toscrape.com/catalogue/sugar-rush-offensive-line-2_108/index.html
2026-10-06 22:40:28,527 | INFO    | scrapers.base_scraper | Fetched https://books.toscrape.com/catalogue/saga-volume-2-saga-collected-editions-2_107/index.html
2026-10-06 22:40:29,922 | INFO    | scrapers.base_scraper | Fetched https://books.toscrape.com/catalogue/run-spot-run-the-ethics-of-keeping-pets_106/index.html
2026-10-06 22:40:31,176 | INFO    | scrapers.base_scraper | Fetched https://books.toscrape.com/catalogue/new-moon-twilight-2_105/index.html
2026-10-06 22:40:32,176 | INFO    | scrapers.base_scraper | Fetched https://books.toscrape.com/catalogue/life_104/index.html
2026-10-06 22:40:33,305 | INFO    | scrapers.base_scraper | Fetched https://books.toscrape.com/catalogue/kindle-paperwhite-users-guide_103/index.html
2026-10-06 22:40:34,265 | INFO    | scrapers.base_scraper | Fetched https://books.toscrape.com/catalogue/h-is-for-hawk_102/index.html
2026-10-06 22:40:36,690 | INFO    | scrapers.base_scraper | Fetched https://books.toscrape.com/catalogue/girl-online-on-tour-girl-online-2_101/index.html
2026-10-06 22:40:37,199 | INFO    | scrapers.base_scraper | Page 46: https://books.toscrape.com/catalogue/page-46.html
2026-10-06 22:40:38,131 | INFO    | scrapers.base_scraper | Fetched https://books.toscrape.com/catalogue/page-46.html
2026-10-06 22:40:39,099 | INFO    | scrapers.base_scraper | Fetched https://books.toscrape.com/catalogue/fruits-basket-vol-2-fruits-basket-2_100/index.html
2026-10-06 22:40:40,112 | INFO    | scrapers.base_scraper | Fetched https://books.toscrape.com/catalogue/diary-of-a-minecraft-zombie-book-1-a-scare-of-a-dare-an-unofficial-minecraft-book_99/index.html
2026-10-06 22:40:41,033 | INFO    | scrapers.base_scraper | Fetched https://books.toscrape.com/catalogue/y-the-last-man-vol-1-unmanned-y-the-last-man-1_98/index.html
2026-10-06 22:40:42,010 | INFO    | scrapers.base_scraper | Fetched https://books.toscrape.com/catalogue/while-you-were-mine_97/index.html
2026-10-06 22:40:42,999 | INFO    | scrapers.base_scraper | Fetched https://books.toscrape.com/catalogue/where-lightning-strikes-bleeding-stars-3_96/index.html
2026-10-06 22:40:43,930 | INFO    | scrapers.base_scraper | Fetched https://books.toscrape.com/catalogue/when-im-gone_95/index.html
2026-10-06 22:40:44,956 | INFO    | scrapers.base_scraper | Fetched https://books.toscrape.com/catalogue/ways-of-seeing_94/index.html
2026-10-06 22:40:47,311 | INFO    | scrapers.base_scraper | Fetched https://books.toscrape.com/catalogue/vampire-knight-vol-1-vampire-knight-1_93/index.html
2026-10-06 22:40:49,540 | INFO    | scrapers.base_scraper | Fetched https://books.toscrape.com/catalogue/vampire-girl-vampire-girl-1_92/index.html
2026-10-06 22:40:51,197 | INFO    | scrapers.base_scraper | Fetched https://books.toscrape.com/catalogue/twenty-love-poems-and-a-song-of-despair_91/index.html
2026-10-06 22:40:52,876 | INFO    | scrapers.base_scraper | Fetched https://books.toscrape.com/catalogue/travels-with-charley-in-search-of-america_90/index.html
2026-10-06 22:40:53,830 | INFO    | scrapers.base_scraper | Fetched https://books.toscrape.com/catalogue/three-wishes-river-of-time-california-1_89/index.html
2026-10-06 22:40:54,879 | INFO    | scrapers.base_scraper | Fetched https://books.toscrape.com/catalogue/this-one-moment-pushing-limits-1_88/index.html
2026-10-06 22:40:56,006 | INFO    | scrapers.base_scraper | Fetched https://books.toscrape.com/catalogue/the-zombie-room_87/index.html
2026-10-06 22:40:56,980 | INFO    | scrapers.base_scraper | Fetched https://books.toscrape.com/catalogue/the-wicked-the-divine-vol-1-the-faust-act-the-wicked-the-divine_86/index.html
2026-10-06 22:40:57,943 | INFO    | scrapers.base_scraper | Fetched https://books.toscrape.com/catalogue/the-tumor_85/index.html
2026-10-06 22:40:58,909 | INFO    | scrapers.base_scraper | Fetched https://books.toscrape.com/catalogue/the-story-of-hong-gildong_84/index.html
2026-10-06 22:40:59,870 | INFO    | scrapers.base_scraper | Fetched https://books.toscrape.com/catalogue/the-silent-wife_83/index.html
2026-10-06 22:41:00,840 | INFO    | scrapers.base_scraper | Fetched https://books.toscrape.com/catalogue/the-silent-twin-detective-jennifer-knight-3_82/index.html
2026-10-06 22:41:01,790 | INFO    | scrapers.base_scraper | Fetched https://books.toscrape.com/catalogue/the-selfish-gene_81/index.html
2026-10-06 22:41:02,311 | INFO    | scrapers.base_scraper | Page 47: https://books.toscrape.com/catalogue/page-47.html
2026-10-06 22:41:03,294 | INFO    | scrapers.base_scraper | Fetched https://books.toscrape.com/catalogue/page-47.html
2026-10-06 22:41:04,456 | INFO    | scrapers.base_scraper | Fetched https://books.toscrape.com/catalogue/the-secret-healer_80/index.html
2026-10-06 22:41:05,429 | INFO    | scrapers.base_scraper | Fetched https://books.toscrape.com/catalogue/the-sandman-vol-1-preludes-and-nocturnes-the-sandman-volumes-1_79/index.html
2026-10-06 22:41:06,396 | INFO    | scrapers.base_scraper | Fetched https://books.toscrape.com/catalogue/the-republic_78/index.html
2026-10-06 22:41:07,396 | INFO    | scrapers.base_scraper | Fetched https://books.toscrape.com/catalogue/the-odyssey_77/index.html
2026-10-06 22:41:08,316 | INFO    | scrapers.base_scraper | Fetched https://books.toscrape.com/catalogue/the-no-1-ladies-detective-agency-no-1-ladies-detective-agency-1_76/index.html
2026-10-06 22:41:09,318 | INFO    | scrapers.base_scraper | Fetched https://books.toscrape.com/catalogue/the-nicomachean-ethics_75/index.html
2026-10-06 22:41:10,249 | INFO    | scrapers.base_scraper | Fetched https://books.toscrape.com/catalogue/the-name-of-the-wind-the-kingkiller-chronicle-1_74/index.html
2026-10-06 22:41:11,215 | INFO    | scrapers.base_scraper | Fetched https://books.toscrape.com/catalogue/the-mirror-the-maze-the-wrath-and-the-dawn-15_73/index.html
2026-10-06 22:41:12,182 | INFO    | scrapers.base_scraper | Fetched https://books.toscrape.com/catalogue/the-little-prince_72/index.html
2026-10-06 22:41:13,147 | INFO    | scrapers.base_scraper | Fetched https://books.toscrape.com/catalogue/the-light-of-the-fireflies_71/index.html
2026-10-06 22:41:14,115 | INFO    | scrapers.base_scraper | Fetched https://books.toscrape.com/catalogue/the-last-girl-the-dominion-trilogy-1_70/index.html
2026-10-06 22:41:15,082 | INFO    | scrapers.base_scraper | Fetched https://books.toscrape.com/catalogue/the-iliad_69/index.html
2026-10-06 22:41:16,063 | INFO    | scrapers.base_scraper | Fetched https://books.toscrape.com/catalogue/the-hook-up-game-on-1_68/index.html
2026-10-06 22:41:17,031 | INFO    | scrapers.base_scraper | Fetched https://books.toscrape.com/catalogue/the-haters_67/index.html
2026-10-06 22:41:18,558 | INFO    | scrapers.base_scraper | Fetched https://books.toscrape.com/catalogue/the-girl-you-lost_66/index.html
2026-10-06 22:41:20,685 | INFO    | scrapers.base_scraper | Fetched https://books.toscrape.com/catalogue/the-girl-in-the-ice-dci-erika-foster-1_65/index.html
2026-10-06 22:41:22,350 | INFO    | scrapers.base_scraper | Fetched https://books.toscrape.com/catalogue/the-end-of-the-jesus-era-an-investigation-1_64/index.html
2026-10-06 22:41:25,273 | INFO    | scrapers.base_scraper | Fetched https://books.toscrape.com/catalogue/the-edge-of-reason-bridget-jones-2_63/index.html
2026-10-06 22:41:27,853 | INFO    | scrapers.base_scraper | Fetched https://books.toscrape.com/catalogue/the-complete-maus-maus-1-2_62/index.html
2026-10-06 22:41:30,082 | INFO    | scrapers.base_scraper | Fetched https://books.toscrape.com/catalogue/the-communist-manifesto_61/index.html
2026-10-06 22:41:30,597 | INFO    | scrapers.base_scraper | Page 48: https://books.toscrape.com/catalogue/page-48.html
2026-10-06 22:41:31,517 | INFO    | scrapers.base_scraper | Fetched https://books.toscrape.com/catalogue/page-48.html
2026-10-06 22:41:32,497 | INFO    | scrapers.base_scraper | Fetched https://books.toscrape.com/catalogue/the-bhagavad-gita_60/index.html
2026-10-06 22:41:33,689 | INFO    | scrapers.base_scraper | Fetched https://books.toscrape.com/catalogue/the-bette-davis-club_59/index.html
2026-10-06 22:41:34,694 | INFO    | scrapers.base_scraper | Fetched https://books.toscrape.com/catalogue/the-art-of-not-breathing_58/index.html
2026-10-06 22:41:39,103 | INFO    | scrapers.base_scraper | Fetched https://books.toscrape.com/catalogue/taking-shots-assassins-1_57/index.html
2026-10-06 22:41:41,454 | INFO    | scrapers.base_scraper | Fetched https://books.toscrape.com/catalogue/starlark_56/index.html
2026-10-06 22:41:42,703 | INFO    | scrapers.base_scraper | Fetched https://books.toscrape.com/catalogue/skip-beat-vol-01-skip-beat-1_55/index.html
2026-10-06 22:41:43,840 | INFO    | scrapers.base_scraper | Fetched https://books.toscrape.com/catalogue/sister-sable-the-mad-queen-1_54/index.html
2026-10-06 22:41:46,264 | INFO    | scrapers.base_scraper | Fetched https://books.toscrape.com/catalogue/shatter-me-shatter-me-1_53/index.html
2026-10-06 22:41:47,311 | INFO    | scrapers.base_scraper | Fetched https://books.toscrape.com/catalogue/shameless_52/index.html
2026-10-06 22:41:48,215 | INFO    | scrapers.base_scraper | Fetched https://books.toscrape.com/catalogue/shadow-rites-jane-yellowrock-10_51/index.html
2026-10-06 22:41:49,149 | INFO    | scrapers.base_scraper | Fetched https://books.toscrape.com/catalogue/settling-the-score-the-summer-games-1_50/index.html
2026-10-06 22:41:50,401 | INFO    | scrapers.base_scraper | Fetched https://books.toscrape.com/catalogue/sense-and-sensibility_49/index.html
2026-10-06 22:41:52,341 | INFO    | scrapers.base_scraper | Fetched https://books.toscrape.com/catalogue/saga-volume-1-saga-collected-editions-1_48/index.html
2026-10-06 22:41:53,539 | INFO    | scrapers.base_scraper | Fetched https://books.toscrape.com/catalogue/rhythm-chord-malykhin_47/index.html
2026-10-06 22:41:54,722 | INFO    | scrapers.base_scraper | Fetched https://books.toscrape.com/catalogue/rat-queens-vol-1-sass-sorcery-rat-queens-collected-editions-1-5_46/index.html
2026-10-06 22:41:55,922 | INFO    | scrapers.base_scraper | Fetched https://books.toscrape.com/catalogue/paradise-lost-paradise-1_45/index.html
2026-10-06 22:41:56,988 | INFO    | scrapers.base_scraper | Fetched https://books.toscrape.com/catalogue/paper-girls-vol-1-paper-girls-1-5_44/index.html
2026-10-06 22:42:00,287 | INFO    | scrapers.base_scraper | Fetched https://books.toscrape.com/catalogue/ouran-high-school-host-club-vol-1-ouran-high-school-host-club-1_43/index.html
2026-10-06 22:42:01,251 | INFO    | scrapers.base_scraper | Fetched https://books.toscrape.com/catalogue/origins-alphas-05_42/index.html
2026-10-06 22:42:02,201 | INFO    | scrapers.base_scraper | Fetched https://books.toscrape.com/catalogue/one-second-seven-7_41/index.html
2026-10-06 22:42:02,712 | INFO    | scrapers.base_scraper | Page 49: https://books.toscrape.com/catalogue/page-49.html
2026-10-06 22:42:03,181 | INFO    | scrapers.base_scraper | Fetched https://books.toscrape.com/catalogue/page-49.html
2026-10-06 22:42:04,370 | INFO    | scrapers.base_scraper | Fetched https://books.toscrape.com/catalogue/on-the-road-duluoz-legend_40/index.html
2026-10-06 22:42:05,344 | INFO    | scrapers.base_scraper | Fetched https://books.toscrape.com/catalogue/old-records-never-die-one-mans-quest-for-his-vinyl-and-his-past_39/index.html
2026-10-06 22:42:06,309 | INFO    | scrapers.base_scraper | Fetched https://books.toscrape.com/catalogue/off-sides-off-1_38/index.html
2026-10-06 22:42:07,262 | INFO    | scrapers.base_scraper | Fetched https://books.toscrape.com/catalogue/of-mice-and-men_37/index.html
2026-10-06 22:42:08,246 | INFO    | scrapers.base_scraper | Fetched https://books.toscrape.com/catalogue/myriad-prentor-1_36/index.html
2026-10-06 22:42:09,200 | INFO    | scrapers.base_scraper | Fetched https://books.toscrape.com/catalogue/my-perfect-mistake-over-the-top-1_35/index.html
2026-10-06 22:42:10,162 | INFO    | scrapers.base_scraper | Fetched https://books.toscrape.com/catalogue/ms-marvel-vol-1-no-normal-ms-marvel-2014-2015-1_34/index.html
2026-10-06 22:42:11,146 | INFO    | scrapers.base_scraper | Fetched https://books.toscrape.com/catalogue/meditations_33/index.html
2026-10-06 22:42:12,096 | INFO    | scrapers.base_scraper | Fetched https://books.toscrape.com/catalogue/matilda_32/index.html
2026-10-06 22:42:13,062 | INFO    | scrapers.base_scraper | Fetched https://books.toscrape.com/catalogue/lost-among-the-living_31/index.html
2026-10-06 22:42:14,295 | INFO    | scrapers.base_scraper | Fetched https://books.toscrape.com/catalogue/lord-of-the-flies_30/index.html
2026-10-06 22:42:15,247 | INFO    | scrapers.base_scraper | Fetched https://books.toscrape.com/catalogue/listen-to-me-fusion-1_29/index.html
2026-10-06 22:42:16,212 | INFO    | scrapers.base_scraper | Fetched https://books.toscrape.com/catalogue/kitchens-of-the-great-midwest_28/index.html
2026-10-06 22:42:17,660 | INFO    | scrapers.base_scraper | Fetched https://books.toscrape.com/catalogue/jane-eyre_27/index.html
2026-10-06 22:42:18,628 | INFO    | scrapers.base_scraper | Fetched https://books.toscrape.com/catalogue/imperfect-harmony_26/index.html
2026-10-06 22:42:19,628 | INFO    | scrapers.base_scraper | Fetched https://books.toscrape.com/catalogue/icing-aces-hockey-2_25/index.html
2026-10-06 22:42:20,620 | INFO    | scrapers.base_scraper | Fetched https://books.toscrape.com/catalogue/hawkeye-vol-1-my-life-as-a-weapon-hawkeye-1_24/index.html
2026-10-06 22:42:21,531 | INFO    | scrapers.base_scraper | Fetched https://books.toscrape.com/catalogue/having-the-barbarians-baby-ice-planet-barbarians-75_23/index.html
2026-10-06 22:42:22,562 | INFO    | scrapers.base_scraper | Fetched https://books.toscrape.com/catalogue/giant-days-vol-1-giant-days-1-4_22/index.html
2026-10-06 22:42:23,674 | INFO    | scrapers.base_scraper | Fetched https://books.toscrape.com/catalogue/fruits-basket-vol-1-fruits-basket-1_21/index.html
2026-10-06 22:42:24,182 | INFO    | scrapers.base_scraper | Page 50: https://books.toscrape.com/catalogue/page-50.html
2026-10-06 22:42:25,099 | INFO    | scrapers.base_scraper | Fetched https://books.toscrape.com/catalogue/page-50.html
2026-10-06 22:42:26,098 | INFO    | scrapers.base_scraper | Fetched https://books.toscrape.com/catalogue/frankenstein_20/index.html
2026-10-06 22:42:27,078 | INFO    | scrapers.base_scraper | Fetched https://books.toscrape.com/catalogue/forever-rockers-the-rocker-12_19/index.html
2026-10-06 22:42:28,030 | INFO    | scrapers.base_scraper | Fetched https://books.toscrape.com/catalogue/fighting-fate-fighting-6_18/index.html
2026-10-06 22:42:28,998 | INFO    | scrapers.base_scraper | Fetched https://books.toscrape.com/catalogue/emma_17/index.html
2026-10-06 22:42:29,963 | INFO    | scrapers.base_scraper | Fetched https://books.toscrape.com/catalogue/eat-pray-love_16/index.html
2026-10-06 22:42:30,976 | INFO    | scrapers.base_scraper | Fetched https://books.toscrape.com/catalogue/deep-under-walker-security-1_15/index.html
2026-10-06 22:42:31,897 | INFO    | scrapers.base_scraper | Fetched https://books.toscrape.com/catalogue/choosing-our-religion-the-spiritual-lives-of-americas-nones_14/index.html
2026-10-06 22:42:32,880 | INFO    | scrapers.base_scraper | Fetched https://books.toscrape.com/catalogue/charlie-and-the-chocolate-factory-charlie-bucket-1_13/index.html
2026-10-06 22:42:33,829 | INFO    | scrapers.base_scraper | Fetched https://books.toscrape.com/catalogue/charitys-cross-charles-towne-belles-4_12/index.html
2026-10-06 22:42:34,827 | INFO    | scrapers.base_scraper | Fetched https://books.toscrape.com/catalogue/bright-lines_11/index.html
2026-10-06 22:42:35,763 | INFO    | scrapers.base_scraper | Fetched https://books.toscrape.com/catalogue/bridget-joness-diary-bridget-jones-1_10/index.html
2026-10-06 22:42:36,746 | INFO    | scrapers.base_scraper | Fetched https://books.toscrape.com/catalogue/bounty-colorado-mountain-7_9/index.html
2026-10-06 22:42:37,696 | INFO    | scrapers.base_scraper | Fetched https://books.toscrape.com/catalogue/blood-defense-samantha-brinkman-1_8/index.html
2026-10-06 22:42:38,676 | INFO    | scrapers.base_scraper | Fetched https://books.toscrape.com/catalogue/bleach-vol-1-strawberry-and-the-soul-reapers-bleach-1_7/index.html
2026-10-06 22:42:40,148 | INFO    | scrapers.base_scraper | Fetched https://books.toscrape.com/catalogue/beyond-good-and-evil_6/index.html
2026-10-06 22:42:41,097 | INFO    | scrapers.base_scraper | Fetched https://books.toscrape.com/catalogue/alice-in-wonderland-alices-adventures-in-wonderland-1_5/index.html
2026-10-06 22:42:42,351 | INFO    | scrapers.base_scraper | Fetched https://books.toscrape.com/catalogue/ajin-demi-human-volume-1-ajin-demi-human-1_4/index.html
2026-10-06 22:42:43,730 | INFO    | scrapers.base_scraper | Fetched https://books.toscrape.com/catalogue/a-spys-devotion-the-regency-spies-of-london-1_3/index.html
2026-10-06 22:42:45,273 | INFO    | scrapers.base_scraper | Fetched https://books.toscrape.com/catalogue/1st-to-die-womens-murder-club-1_2/index.html
2026-10-06 22:42:47,402 | INFO    | scrapers.base_scraper | Fetched https://books.toscrape.com/catalogue/1000-places-to-see-before-you-die_1/index.html
2026-10-06 22:42:47,977 | INFO    | main | === Finished Books to Scrape: {'raw_collected': 1000, 'cleaned': 1000, 'rejected': 0, 'rejected_by_reason': {}, 'duplicates_removed': 0, 'final': 1000, 'error': None} ===
2026-10-06 22:42:47,977 | INFO    | main | === Starting source: Quotes to Scrape ===
2026-10-06 22:42:47,977 | INFO    | scrapers.base_scraper | Page 1: https://quotes.toscrape.com/
2026-10-06 22:42:50,775 | INFO    | scrapers.base_scraper | Fetched https://quotes.toscrape.com/
2026-10-06 22:42:51,295 | INFO    | scrapers.base_scraper | Page 2: https://quotes.toscrape.com/page/2/
2026-10-06 22:42:52,523 | INFO    | scrapers.base_scraper | Fetched https://quotes.toscrape.com/page/2/
2026-10-06 22:42:53,028 | INFO    | scrapers.base_scraper | Page 3: https://quotes.toscrape.com/page/3/
2026-10-06 22:42:53,437 | INFO    | scrapers.base_scraper | Fetched https://quotes.toscrape.com/page/3/
2026-10-06 22:42:53,955 | INFO    | scrapers.base_scraper | Page 4: https://quotes.toscrape.com/page/4/
2026-10-06 22:42:54,385 | INFO    | scrapers.base_scraper | Fetched https://quotes.toscrape.com/page/4/
2026-10-06 22:42:54,887 | INFO    | scrapers.base_scraper | Page 5: https://quotes.toscrape.com/page/5/
2026-10-06 22:42:55,591 | INFO    | scrapers.base_scraper | Fetched https://quotes.toscrape.com/page/5/
2026-10-06 22:42:56,099 | INFO    | scrapers.base_scraper | Page 6: https://quotes.toscrape.com/page/6/
2026-10-06 22:42:56,547 | INFO    | scrapers.base_scraper | Fetched https://quotes.toscrape.com/page/6/
2026-10-06 22:42:57,060 | INFO    | scrapers.base_scraper | Page 7: https://quotes.toscrape.com/page/7/
2026-10-06 22:42:57,544 | INFO    | scrapers.base_scraper | Fetched https://quotes.toscrape.com/page/7/
2026-10-06 22:42:58,048 | INFO    | scrapers.base_scraper | Page 8: https://quotes.toscrape.com/page/8/
2026-10-06 22:42:58,470 | INFO    | scrapers.base_scraper | Fetched https://quotes.toscrape.com/page/8/
2026-10-06 22:42:58,983 | INFO    | scrapers.base_scraper | Page 9: https://quotes.toscrape.com/page/9/
2026-10-06 22:42:59,451 | INFO    | scrapers.base_scraper | Fetched https://quotes.toscrape.com/page/9/
2026-10-06 22:42:59,955 | INFO    | scrapers.base_scraper | Page 10: https://quotes.toscrape.com/page/10/
2026-10-06 22:43:00,390 | INFO    | scrapers.base_scraper | Fetched https://quotes.toscrape.com/page/10/
2026-10-06 22:43:00,918 | INFO    | main | === Finished Quotes to Scrape: {'raw_collected': 100, 'cleaned': 100, 'rejected': 0, 'rejected_by_reason': {}, 'duplicates_removed': 0, 'final': 100, 'error': None} ===
